<ImportExportXml version="5.0.9690.5010" minimumversion="5.0" languagecode="1033" generatedBy="CrmLive" xmlns:xsi="http://www.w3.org/2001/XMLSchema-instance">
  <SolutionManifest>
    <UniqueName>Default</UniqueName>
    <LocalizedNames>
      <LocalizedName description="Default Solution" languagecode="1033" />
    </LocalizedNames>
    <Descriptions>
      <Description description="Solution that contains all components in the system" languagecode="1033" />
    </Descriptions>
    <Version>1.0</Version>
    <Managed>0</Managed>
    <Publisher>
      <UniqueName>DefaultPublisherxboxoutlookdev</UniqueName>
      <LocalizedNames>
        <LocalizedName description="Default Publisher for crmexam2" languagecode="1033" />
      </LocalizedNames>
      <Descriptions>
        <Description description="Default publisher for this organization" languagecode="1033" />
      </Descriptions>
      <EMailAddress xsi:nil="true"></EMailAddress>
      <SupportingWebsiteUrl xsi:nil="true"></SupportingWebsiteUrl>
      <CustomizationPrefix>new</CustomizationPrefix>
      <CustomizationOptionValuePrefix>10000</CustomizationOptionValuePrefix>
      <Addresses>
        <Address>
          <AddressNumber>1</AddressNumber>
          <AddressTypeCode xsi:nil="true"></AddressTypeCode>
          <City xsi:nil="true"></City>
          <County xsi:nil="true"></County>
          <Country xsi:nil="true"></Country>
          <Fax xsi:nil="true"></Fax>
          <FreightTermsCode xsi:nil="true"></FreightTermsCode>
          <ImportSequenceNumber xsi:nil="true"></ImportSequenceNumber>
          <Latitude xsi:nil="true"></Latitude>
          <Line1 xsi:nil="true"></Line1>
          <Line2 xsi:nil="true"></Line2>
          <Line3 xsi:nil="true"></Line3>
          <Longitude xsi:nil="true"></Longitude>
          <Name xsi:nil="true"></Name>
          <PostalCode xsi:nil="true"></PostalCode>
          <PostOfficeBox xsi:nil="true"></PostOfficeBox>
          <PrimaryContactName xsi:nil="true"></PrimaryContactName>
          <ShippingMethodCode xsi:nil="true"></ShippingMethodCode>
          <StateOrProvince xsi:nil="true"></StateOrProvince>
          <Telephone1 xsi:nil="true"></Telephone1>
          <Telephone2 xsi:nil="true"></Telephone2>
          <Telephone3 xsi:nil="true"></Telephone3>
          <TimeZoneRuleVersionNumber xsi:nil="true"></TimeZoneRuleVersionNumber>
          <UPSZone xsi:nil="true"></UPSZone>
          <UTCOffset xsi:nil="true"></UTCOffset>
          <UTCConversionTimeZoneCode xsi:nil="true"></UTCConversionTimeZoneCode>
        </Address>
        <Address>
          <AddressNumber>2</AddressNumber>
          <AddressTypeCode xsi:nil="true"></AddressTypeCode>
          <City xsi:nil="true"></City>
          <County xsi:nil="true"></County>
          <Country xsi:nil="true"></Country>
          <Fax xsi:nil="true"></Fax>
          <FreightTermsCode xsi:nil="true"></FreightTermsCode>
          <ImportSequenceNumber xsi:nil="true"></ImportSequenceNumber>
          <Latitude xsi:nil="true"></Latitude>
          <Line1 xsi:nil="true"></Line1>
          <Line2 xsi:nil="true"></Line2>
          <Line3 xsi:nil="true"></Line3>
          <Longitude xsi:nil="true"></Longitude>
          <Name xsi:nil="true"></Name>
          <PostalCode xsi:nil="true"></PostalCode>
          <PostOfficeBox xsi:nil="true"></PostOfficeBox>
          <PrimaryContactName xsi:nil="true"></PrimaryContactName>
          <ShippingMethodCode xsi:nil="true"></ShippingMethodCode>
          <StateOrProvince xsi:nil="true"></StateOrProvince>
          <Telephone1 xsi:nil="true"></Telephone1>
          <Telephone2 xsi:nil="true"></Telephone2>
          <Telephone3 xsi:nil="true"></Telephone3>
          <TimeZoneRuleVersionNumber xsi:nil="true"></TimeZoneRuleVersionNumber>
          <UPSZone xsi:nil="true"></UPSZone>
          <UTCOffset xsi:nil="true"></UTCOffset>
          <UTCConversionTimeZoneCode xsi:nil="true"></UTCConversionTimeZoneCode>
        </Address>
      </Addresses>
    </Publisher>
    <RootComponents>
      <RootComponent type="1" schemaName="account" />
      <RootComponent type="1" schemaName="activitymimeattachment" />
      <RootComponent type="1" schemaName="activitypointer" />
      <RootComponent type="1" schemaName="annotation" />
      <RootComponent type="1" schemaName="appointment" />
      <RootComponent type="1" schemaName="bulkoperation" />
      <RootComponent type="1" schemaName="businessunit" />
      <RootComponent type="1" schemaName="campaign" />
      <RootComponent type="1" schemaName="campaignactivity" />
      <RootComponent type="1" schemaName="campaignresponse" />
      <RootComponent type="1" schemaName="competitor" />
      <RootComponent type="1" schemaName="competitoraddress" />
      <RootComponent type="1" schemaName="connection" />
      <RootComponent type="1" schemaName="connectionrole" />
      <RootComponent type="1" schemaName="constraintbasedgroup" />
      <RootComponent type="1" schemaName="contact" />
      <RootComponent type="1" schemaName="contract" />
      <RootComponent type="1" schemaName="contractdetail" />
      <RootComponent type="1" schemaName="contracttemplate" />
      <RootComponent type="1" schemaName="customeraddress" />
      <RootComponent type="1" schemaName="customeropportunityrole" />
      <RootComponent type="1" schemaName="customerrelationship" />
      <RootComponent type="1" schemaName="discount" />
      <RootComponent type="1" schemaName="discounttype" />
      <RootComponent type="1" schemaName="duplicaterule" />
      <RootComponent type="1" schemaName="duplicaterulecondition" />
      <RootComponent type="1" schemaName="email" />
      <RootComponent type="1" schemaName="equipment" />
      <RootComponent type="1" schemaName="fax" />
      <RootComponent type="1" schemaName="fieldpermission" />
      <RootComponent type="1" schemaName="fieldsecurityprofile" />
      <RootComponent type="1" schemaName="goal" />
      <RootComponent type="1" schemaName="goalrollupquery" />
      <RootComponent type="1" schemaName="importmap" />
      <RootComponent type="1" schemaName="incident" />
      <RootComponent type="1" schemaName="incidentresolution" />
      <RootComponent type="1" schemaName="internaladdress" />
      <RootComponent type="1" schemaName="invoice" />
      <RootComponent type="1" schemaName="invoicedetail" />
      <RootComponent type="1" schemaName="kbarticle" />
      <RootComponent type="1" schemaName="kbarticletemplate" />
      <RootComponent type="1" schemaName="lead" />
      <RootComponent type="1" schemaName="leadaddress" />
      <RootComponent type="1" schemaName="letter" />
      <RootComponent type="1" schemaName="list" />
      <RootComponent type="1" schemaName="mailmergetemplate" />
      <RootComponent type="1" schemaName="metric" />
      <RootComponent type="1" schemaName="new_credits" />
      <RootComponent type="1" schemaName="new_games" />
      <RootComponent type="1" schemaName="new_platforms" />
      <RootComponent type="1" schemaName="opportunity" />
      <RootComponent type="1" schemaName="opportunityclose" />
      <RootComponent type="1" schemaName="opportunityproduct" />
      <RootComponent type="1" schemaName="orderclose" />
      <RootComponent type="1" schemaName="organization" />
      <RootComponent type="1" schemaName="phonecall" />
      <RootComponent type="1" schemaName="pricelevel" />
      <RootComponent type="1" schemaName="processsession" />
      <RootComponent type="1" schemaName="product" />
      <RootComponent type="1" schemaName="productpricelevel" />
      <RootComponent type="1" schemaName="publisher" />
      <RootComponent type="1" schemaName="queue" />
      <RootComponent type="1" schemaName="queueitem" />
      <RootComponent type="1" schemaName="quote" />
      <RootComponent type="1" schemaName="quoteclose" />
      <RootComponent type="1" schemaName="quotedetail" />
      <RootComponent type="1" schemaName="recurringappointmentmaster" />
      <RootComponent type="1" schemaName="report" />
      <RootComponent type="1" schemaName="reportcategory" />
      <RootComponent type="1" schemaName="resource" />
      <RootComponent type="1" schemaName="resourcegroup" />
      <RootComponent type="1" schemaName="resourcegroupexpansion" />
      <RootComponent type="1" schemaName="role" />
      <RootComponent type="1" schemaName="rollupfield" />
      <RootComponent type="1" schemaName="salesliterature" />
      <RootComponent type="1" schemaName="salesorder" />
      <RootComponent type="1" schemaName="salesorderdetail" />
      <RootComponent type="1" schemaName="savedquery" />
      <RootComponent type="1" schemaName="savedqueryvisualization" />
      <RootComponent type="1" schemaName="service" />
      <RootComponent type="1" schemaName="serviceappointment" />
      <RootComponent type="1" schemaName="sharepointdocumentlocation" />
      <RootComponent type="1" schemaName="sharepointsite" />
      <RootComponent type="1" schemaName="site" />
      <RootComponent type="1" schemaName="solution" />
      <RootComponent type="1" schemaName="subject" />
      <RootComponent type="1" schemaName="systemuser" />
      <RootComponent type="1" schemaName="task" />
      <RootComponent type="1" schemaName="team" />
      <RootComponent type="1" schemaName="template" />
      <RootComponent type="1" schemaName="territory" />
      <RootComponent type="1" schemaName="transactioncurrency" />
      <RootComponent type="1" schemaName="uom" />
      <RootComponent type="1" schemaName="uomschedule" />
      <RootComponent type="1" schemaName="userquery" />
      <RootComponent type="1" schemaName="userqueryvisualization" />
      <RootComponent type="1" schemaName="workflow" />
      <RootComponent type="13" id="{008a6c98-0b82-497a-9067-b0789e529b14}" />
      <RootComponent type="13" id="{01deee0d-008d-40f8-9d63-1c948b9e3364}" />
      <RootComponent type="13" id="{057b1f73-06c0-4801-a87a-4073d21502e9}" />
      <RootComponent type="13" id="{08b74d63-44df-4e48-9dcf-686f7c017e6a}" />
      <RootComponent type="13" id="{0c05a4a0-129e-4956-95db-70859d8cae1e}" />
      <RootComponent type="13" id="{111de884-8406-4306-b1ed-a6aa983ce60b}" />
      <RootComponent type="13" id="{118d0670-c89b-477e-b870-4bf73906801a}" />
      <RootComponent type="13" id="{168e143e-3de9-11df-875a-f4ce462d9b5d}" />
      <RootComponent type="13" id="{168e1447-3de9-11df-875a-f4ce462d9b5d}" />
      <RootComponent type="13" id="{17cf0770-3c53-11df-8e7b-8000600fe800}" />
      <RootComponent type="13" id="{17cf0773-3c53-11df-8e7b-8000600fe800}" />
      <RootComponent type="13" id="{2476126e-2702-414d-bb41-441e2de128bc}" />
      <RootComponent type="13" id="{261c6e52-5d07-4e9c-8b08-59efc1ab0da5}" />
      <RootComponent type="13" id="{28e52031-7354-11df-a688-f4ce462d9b5d}" />
      <RootComponent type="13" id="{39285938-20f2-45f5-9197-7d2d1cc8bc0e}" />
      <RootComponent type="13" id="{496fcd98-4140-41d0-9d34-05172956e730}" />
      <RootComponent type="13" id="{4a715477-77b1-4417-bd56-4c5c69414f59}" />
      <RootComponent type="13" id="{6c7a47b7-ec23-4f18-93e1-0c31d4797e3d}" />
      <RootComponent type="13" id="{86201634-e01e-40db-985c-60d9bc07a1e4}" />
      <RootComponent type="13" id="{a65a629c-476e-11df-82c0-8000600fe800}" />
      <RootComponent type="13" id="{b053fc67-6668-4b6c-91da-8bcb11bae043}" />
      <RootComponent type="13" id="{b95f4150-064a-4abf-a418-9258faefde92}" />
      <RootComponent type="13" id="{be2c0ba2-ee01-40d9-9725-9fff491f0cce}" />
      <RootComponent type="13" id="{c5e80593-49c1-11df-8935-f4ce462d9b5d}" />
      <RootComponent type="13" id="{cde148d5-c962-4f16-93bb-e99e5a5814d1}" />
      <RootComponent type="13" id="{d09eab33-4f8a-4d65-8dd5-a3ccdd63df7e}" />
      <RootComponent type="13" id="{d7574e6f-69d2-11df-a50e-f4ce462d9b5d}" />
      <RootComponent type="13" id="{d7574e82-69d2-11df-a50e-f4ce462d9b5d}" />
      <RootComponent type="13" id="{e2548abc-1b4a-11df-988f-00155da18b00}" />
      <RootComponent type="13" id="{ff0bbc8c-f0ea-41ef-bbfc-b3ea6dc64189}" />
      <RootComponent type="20" parentId="{09a25608-d28b-4d47-b57c-79271fe6a525}" />
      <RootComponent type="20" parentId="{119f245c-3cc8-4b62-b31c-d1a046ced15d}" />
      <RootComponent type="20" parentId="{1808b939-dd07-4ca7-aa99-ddd2734378f1}" />
      <RootComponent type="20" parentId="{29123793-6ae5-4955-9f1a-f10ceb9705f1}" />
      <RootComponent type="20" parentId="{6caba073-59a8-4d6b-8e7b-4ccb50c5166b}" />
      <RootComponent type="20" parentId="{85937b6b-91a1-46ed-9778-929fc9f61812}" />
      <RootComponent type="20" id="{cb269f84-e19d-e011-b66c-00155db528b6}" />
      <RootComponent type="20" parentId="{a4be89ff-7c35-4d69-9900-999c3f603e6f}" />
      <RootComponent type="20" parentId="{c0ed2f4f-6f92-4691-92ba-78f2931e8fba}" />
      <RootComponent type="20" parentId="{d892cc0b-28c7-4e88-bd92-72f2c366baed}" />
      <RootComponent type="20" parentId="{d9d602db-2761-4170-877f-983494567c08}" />
      <RootComponent type="20" parentId="{dcd60b89-421c-44ae-bff0-dd6323df885c}" />
      <RootComponent type="20" parentId="{debec338-bca7-4882-ae04-84e6ddda2984}" />
      <RootComponent type="20" parentId="{ecfd0b44-5720-45e3-ae68-417ddb0fb654}" />
      <RootComponent type="31" id="{d47f4bee-e82a-e311-8fa0-b4b52f67c614}" schemaName="1033{06d93c6b-5704-4eef-b363-4a14eaceaefc}" />
      <RootComponent type="31" id="{2b10aaf4-e82a-e311-8fa0-b4b52f67c614}" schemaName="1033{07638c70-c3b7-48ad-93fb-ca5a3f95c86a}" />
      <RootComponent type="31" id="{ec7f4bee-e82a-e311-8fa0-b4b52f67c614}" schemaName="1033{0b07845a-7ee5-43f8-8a00-64ecc7ce0f3d}" />
      <RootComponent type="31" id="{1110aaf4-e82a-e311-8fa0-b4b52f67c614}" schemaName="1033{10e77c6d-6030-499c-8b73-644537b51148}" />
      <RootComponent type="31" id="{e47f4bee-e82a-e311-8fa0-b4b52f67c614}" schemaName="1033{13531344-8495-460b-b497-9f8f71765b87}" />
      <RootComponent type="31" id="{3608e900-e92a-e311-8fa0-b4b52f67c614}" schemaName="1033{17a857e5-06d6-4143-b158-154fddcf444c}" />
      <RootComponent type="31" id="{c37f4bee-e82a-e311-8fa0-b4b52f67c614}" schemaName="1033{1ae24c1b-4fb3-438a-9baa-d99fc432443d}" />
      <RootComponent type="31" id="{02804bee-e82a-e311-8fa0-b4b52f67c614}" schemaName="1033{1b308213-d735-45ff-a7d1-7a7394a3b1b3}" />
      <RootComponent type="31" id="{17804bee-e82a-e311-8fa0-b4b52f67c614}" schemaName="1033{1e77a455-466d-4fe2-8af6-43af81ac4204}" />
      <RootComponent type="31" id="{957f4bee-e82a-e311-8fa0-b4b52f67c614}" schemaName="1033{20f6c55d-9a51-45b4-b17a-33a98cff0be0}" />
      <RootComponent type="31" id="{26804bee-e82a-e311-8fa0-b4b52f67c614}" schemaName="1033{22c50c30-5d66-4c19-8e72-48bfb251615f}" />
      <RootComponent type="31" id="{cc7f4bee-e82a-e311-8fa0-b4b52f67c614}" schemaName="1033{343de504-cc55-4fab-82c1-20d28095e71a}" />
      <RootComponent type="31" id="{3010aaf4-e82a-e311-8fa0-b4b52f67c614}" schemaName="1033{3e617317-9146-4df9-b6de-eef2d15b4a27}" />
      <RootComponent type="31" id="{1708e900-e92a-e311-8fa0-b4b52f67c614}" schemaName="1033{41d7b317-10b5-4dd2-96f6-0a5f115ad99d}" />
      <RootComponent type="31" id="{222caefa-e82a-e311-8fa0-b4b52f67c614}" schemaName="1033{4d02b9a5-7976-4f0a-817b-654471ab203f}" />
      <RootComponent type="31" id="{11804bee-e82a-e311-8fa0-b4b52f67c614}" schemaName="1033{4ef7a45f-8d76-470e-8ada-ffcd94e007fa}" />
      <RootComponent type="31" id="{dd7f4bee-e82a-e311-8fa0-b4b52f67c614}" schemaName="1033{5576b65a-7635-46fd-8dd1-e56033144ad7}" />
      <RootComponent type="31" id="{7b7f4bee-e82a-e311-8fa0-b4b52f67c614}" schemaName="1033{55f0fcc2-fc17-48a0-ad7f-5bfaa205f87f}" />
      <RootComponent type="31" id="{0710aaf4-e82a-e311-8fa0-b4b52f67c614}" schemaName="1033{590777cf-1b38-413c-a604-787c97f47a70}" />
      <RootComponent type="31" id="{0a804bee-e82a-e311-8fa0-b4b52f67c614}" schemaName="1033{644e3e18-91f5-4ffb-9cad-91072a8f7fd3}" />
      <RootComponent type="31" id="{f97f4bee-e82a-e311-8fa0-b4b52f67c614}" schemaName="1033{65c4bcb6-a9ad-487a-9cf3-86d2f1d67dfa}" />
      <RootComponent type="31" id="{3510aaf4-e82a-e311-8fa0-b4b52f67c614}" schemaName="1033{66fe7585-64a1-48ed-a083-79e891b5befb}" />
      <RootComponent type="31" id="{1e10aaf4-e82a-e311-8fa0-b4b52f67c614}" schemaName="1033{68137d38-e758-463b-9678-40ca8bb76f03}" />
      <RootComponent type="31" id="{9e7f4bee-e82a-e311-8fa0-b4b52f67c614}" schemaName="1033{6af14bc7-4bfd-4a79-ba62-61b8cba969cb}" />
      <RootComponent type="31" id="{3c2caefa-e82a-e311-8fa0-b4b52f67c614}" schemaName="1033{729a56ff-a52e-4242-8d56-646db3f06f44}" />
      <RootComponent type="31" id="{462caefa-e82a-e311-8fa0-b4b52f67c614}" schemaName="1033{73353739-3d5c-40cc-8627-a3d62c9585df}" />
      <RootComponent type="31" id="{0c10aaf4-e82a-e311-8fa0-b4b52f67c614}" schemaName="1033{867cb6a7-7d9b-4c02-a616-5d3f639d9e69}" />
      <RootComponent type="31" id="{1e804bee-e82a-e311-8fa0-b4b52f67c614}" schemaName="1033{89086c35-fe03-4776-ad11-df7d884808e3}" />
      <RootComponent type="31" id="{727f4bee-e82a-e311-8fa0-b4b52f67c614}" schemaName="1033{8b5e4c49-1c85-4655-9247-190499685567}" />
      <RootComponent type="31" id="{0108e900-e92a-e311-8fa0-b4b52f67c614}" schemaName="1033{8bfc1bec-965d-43a1-a3e5-661a75dc9f37}" />
      <RootComponent type="31" id="{2310aaf4-e82a-e311-8fa0-b4b52f67c614}" schemaName="1033{8d7c1131-1e22-4476-a3c5-0b2a4259580f}" />
      <RootComponent type="31" id="{2e2caefa-e82a-e311-8fa0-b4b52f67c614}" schemaName="1033{91664380-00f2-4b39-b4e9-bb7d288f9e40}" />
      <RootComponent type="31" id="{0b08e900-e92a-e311-8fa0-b4b52f67c614}" schemaName="1033{99cab338-685f-4db2-b13d-d4fa1d3b777b}" />
      <RootComponent type="31" id="{3e08e900-e92a-e311-8fa0-b4b52f67c614}" schemaName="1033{9ec7650c-5870-4bdc-abc4-511c465110d5}" />
      <RootComponent type="31" id="{f17f4bee-e82a-e311-8fa0-b4b52f67c614}" schemaName="1033{a643c586-3381-4684-9eb8-3f52d888d5f5}" />
      <RootComponent type="31" id="{a97f4bee-e82a-e311-8fa0-b4b52f67c614}" schemaName="1033{a788a3de-f207-4573-a983-7af0867a7857}" />
      <RootComponent type="31" id="{bd7f4bee-e82a-e311-8fa0-b4b52f67c614}" schemaName="1033{afa031a7-fcc2-41c0-8493-2012de4d960a}" />
      <RootComponent type="31" id="{3108e900-e92a-e311-8fa0-b4b52f67c614}" schemaName="1033{b1b04331-28e0-42e9-89f0-ab8d9e1e86d5}" />
      <RootComponent type="31" id="{2408e900-e92a-e311-8fa0-b4b52f67c614}" schemaName="1033{b239f607-0268-4224-af64-a7b2e5535de6}" />
      <RootComponent type="31" id="{0f08e900-e92a-e311-8fa0-b4b52f67c614}" schemaName="1033{bcdfec49-1c96-498c-83df-3431c292f198}" />
      <RootComponent type="31" id="{1c08e900-e92a-e311-8fa0-b4b52f67c614}" schemaName="1033{bf21a10b-925e-4184-8bb8-21f84b7b2e0a}" />
      <RootComponent type="31" id="{412caefa-e82a-e311-8fa0-b4b52f67c614}" schemaName="1033{c7a84803-3527-4536-b807-383783e41c35}" />
      <RootComponent type="31" id="{272caefa-e82a-e311-8fa0-b4b52f67c614}" schemaName="1033{cafa2956-a75f-430f-a653-c51449ae1daa}" />
      <RootComponent type="31" id="{332caefa-e82a-e311-8fa0-b4b52f67c614}" schemaName="1033{ce3d7280-6d0c-4efa-ae77-bc881fc9c214}" />
      <RootComponent type="31" id="{847f4bee-e82a-e311-8fa0-b4b52f67c614}" schemaName="1033{cef7088f-52c2-4cdc-a6d6-3682b2fbb9c7}" />
      <RootComponent type="31" id="{697f4bee-e82a-e311-8fa0-b4b52f67c614}" schemaName="1033{d0f7d1ab-9797-4cb4-9f90-9a68491a8ee1}" />
      <RootComponent type="31" id="{1710aaf4-e82a-e311-8fa0-b4b52f67c614}" schemaName="1033{d4c186a5-4d81-4daa-80b0-7ddaf37978c2}" />
      <RootComponent type="31" id="{4b2caefa-e82a-e311-8fa0-b4b52f67c614}" schemaName="1033{d99eb20a-739d-4c19-bc88-08d8ff3a59ba}" />
      <RootComponent type="31" id="{8d7f4bee-e82a-e311-8fa0-b4b52f67c614}" schemaName="1033{df26a256-a920-4d9d-b037-ed04bce73419}" />
      <RootComponent type="31" id="{2908e900-e92a-e311-8fa0-b4b52f67c614}" schemaName="1033{e4717dd2-501b-4f78-8a64-35e20603e252}" />
      <RootComponent type="31" id="{512caefa-e82a-e311-8fa0-b4b52f67c614}" schemaName="1033{eb641068-6ed3-47e8-80b3-e7311cc3f6e5}" />
      <RootComponent type="31" id="{fd0faaf4-e82a-e311-8fa0-b4b52f67c614}" schemaName="1033{edddfa8c-98c2-4fc1-b9fc-18de4fb2fdfc}" />
      <RootComponent type="31" id="{0210aaf4-e82a-e311-8fa0-b4b52f67c614}" schemaName="1033{f210bfbb-5c73-4104-ac45-ff16e1996660}" />
      <RootComponent type="31" id="{b47f4bee-e82a-e311-8fa0-b4b52f67c614}" schemaName="1033{f4dae66d-f3a3-4075-b3cc-c0116f2525c3}" />
      <RootComponent type="36" id="{07b94c1d-c85f-492f-b120-f0a743c540e6}" />
      <RootComponent type="36" id="{07ffe941-8458-4a7a-8493-2863fa7f8cc1}" />
      <RootComponent type="36" id="{25249025-91fa-43c1-8c38-1f6bc14221c3}" />
      <RootComponent type="36" id="{274f51ce-304e-4f1d-a959-ce3b8a39f7dc}" />
      <RootComponent type="36" id="{2ca2b0b7-29bc-40a1-b2a5-5ab1fe7543e5}" />
      <RootComponent type="36" id="{5351049b-c2a4-4335-8789-e4fa8b8b319e}" />
      <RootComponent type="36" id="{7816b01c-efa8-4396-8ba5-0b6b72da5c08}" />
      <RootComponent type="36" id="{7cdc528e-9c3e-4170-b04f-97a30fb736c9}" />
      <RootComponent type="36" id="{85850450-865b-4465-8e86-66ac848df3b9}" />
      <RootComponent type="36" id="{9245e3ee-f7c8-4f8e-8a49-e1de50cb1203}" />
      <RootComponent type="36" id="{9a3aa696-2a23-4460-a87c-10ae475e3231}" />
      <RootComponent type="36" id="{9bdfd720-030e-4bf7-a94f-6183b527f84c}" />
      <RootComponent type="36" id="{9de6f929-bed5-40d4-a0af-d4d48b6cf29c}" />
      <RootComponent type="36" id="{b4bb483d-0612-46de-ab0f-056f7f861972}" />
      <RootComponent type="36" id="{b5e9616e-f6df-4e9e-8b79-388085602e4a}" />
      <RootComponent type="36" id="{b6c38bb9-2423-471d-8b38-e3b99ed80e7a}" />
      <RootComponent type="36" id="{ba699c93-6b75-4318-b129-59e2fe4cf0ca}" />
      <RootComponent type="36" id="{ca6cb044-60e7-4f73-a957-9ccb4ec2e2fc}" />
      <RootComponent type="36" id="{d0b742b5-e945-4073-981c-11c0beb4e2b1}" />
      <RootComponent type="36" id="{df7251b7-038b-41fc-9b0a-bb9f79011712}" />
      <RootComponent type="36" id="{f62f950a-19ef-4e5d-9ad7-7abb9a75ed3e}" />
      <RootComponent type="36" id="{f9a2e605-858b-4225-a1a3-bab79a953cb0}" />
      <RootComponent type="36" id="{fe0c0f2b-03fd-4c5b-94ca-158c49e0c656}" />
      <RootComponent type="37" id="{77ecdfda-3e70-429d-b174-1352b981c5f2}" />
      <RootComponent type="38" id="{49331898-0752-4670-ba0a-3ce95c6c88cd}" />
      <RootComponent type="38" id="{51a42583-f90f-416a-8abc-a10ac83fa6fa}" />
      <RootComponent type="38" id="{8d8e6b7f-1924-45e0-8120-bad79c95df5f}" />
      <RootComponent type="38" id="{c3f93721-91b6-475a-acd0-0a68aa1cb842}" />
      <RootComponent type="39" id="{1133f868-d749-dc11-a46c-0019b9204ed3}" />
      <RootComponent type="39" id="{134212ac-d749-dc11-a46c-0019b9204ed3}" />
      <RootComponent type="39" id="{3165677a-d749-dc11-a46c-0019b9204ed3}" />
      <RootComponent type="39" id="{4bcf8211-d849-dc11-a46c-0019b9204ed3}" />
      <RootComponent type="39" id="{53c8b6b4-d749-dc11-a46c-0019b9204ed3}" />
      <RootComponent type="39" id="{93a7382c-d849-dc11-a46c-0019b9204ed3}" />
      <RootComponent type="39" id="{955882bc-d749-dc11-a46c-0019b9204ed3}" />
      <RootComponent type="39" id="{a1d1fb17-d849-dc11-a46c-0019b9204ed3}" />
      <RootComponent type="39" id="{c3b1f8cd-d749-dc11-a46c-0019b9204ed3}" />
      <RootComponent type="39" id="{d349fe11-d749-dc11-a46c-0019b9204ed3}" />
      <RootComponent type="50" schemaName=":RibbonDiffXml" />
      <RootComponent type="50" schemaName=":RibbonDiffXml" />
      <RootComponent type="50" schemaName=":RibbonDiffXml" />
      <RootComponent type="60" id="{15e19ce1-819e-4789-a5aa-ea4fe1741568}" />
      <RootComponent type="60" id="{25b754f5-7563-df11-ae90-00155d2e3002}" />
      <RootComponent type="60" id="{2701de60-8f2a-48a4-8262-4a35ca7441fa}" />
      <RootComponent type="60" id="{2e3d0841-fa6d-df11-986c-00155d2e3002}" />
      <RootComponent type="60" id="{45f88f83-0e67-443b-bd05-81d49719f6b1}" />
      <RootComponent type="60" id="{4e76815a-1f63-df11-ae90-00155d2e3002}" />
      <RootComponent type="60" id="{5d431800-1270-40e9-a90a-c970556cf0fe}" />
      <RootComponent type="60" id="{6e00802f-8c73-df11-986c-00155d2e3002}" />
      <RootComponent type="60" id="{9de6d9a5-7863-df11-ae90-00155d2e3002}" />
      <RootComponent type="60" id="{ee50a18b-3f88-df11-8d93-00155db1891a}" />
      <RootComponent type="61" schemaName="msdyn_/ActivityFeeds.Form.js" />
      <RootComponent type="61" schemaName="msdyn_/ActivityFeeds.Mentions.js" />
      <RootComponent type="61" schemaName="msdyn_/ActivityFeeds.Resources.1025.js" />
      <RootComponent type="61" schemaName="msdyn_/ActivityFeeds.Resources.1026.js" />
      <RootComponent type="61" schemaName="msdyn_/ActivityFeeds.Resources.1027.js" />
      <RootComponent type="61" schemaName="msdyn_/ActivityFeeds.Resources.1028.js" />
      <RootComponent type="61" schemaName="msdyn_/ActivityFeeds.Resources.1029.js" />
      <RootComponent type="61" schemaName="msdyn_/ActivityFeeds.Resources.1030.js" />
      <RootComponent type="61" schemaName="msdyn_/ActivityFeeds.Resources.1031.js" />
      <RootComponent type="61" schemaName="msdyn_/ActivityFeeds.Resources.1032.js" />
      <RootComponent type="61" schemaName="msdyn_/ActivityFeeds.Resources.1035.js" />
      <RootComponent type="61" schemaName="msdyn_/ActivityFeeds.Resources.1036.js" />
      <RootComponent type="61" schemaName="msdyn_/ActivityFeeds.Resources.1037.js" />
      <RootComponent type="61" schemaName="msdyn_/ActivityFeeds.Resources.1038.js" />
      <RootComponent type="61" schemaName="msdyn_/ActivityFeeds.Resources.1040.js" />
      <RootComponent type="61" schemaName="msdyn_/ActivityFeeds.Resources.1041.js" />
      <RootComponent type="61" schemaName="msdyn_/ActivityFeeds.Resources.1042.js" />
      <RootComponent type="61" schemaName="msdyn_/ActivityFeeds.Resources.1043.js" />
      <RootComponent type="61" schemaName="msdyn_/ActivityFeeds.Resources.1044.js" />
      <RootComponent type="61" schemaName="msdyn_/ActivityFeeds.Resources.1045.js" />
      <RootComponent type="61" schemaName="msdyn_/ActivityFeeds.Resources.1046.js" />
      <RootComponent type="61" schemaName="msdyn_/ActivityFeeds.Resources.1048.js" />
      <RootComponent type="61" schemaName="msdyn_/ActivityFeeds.Resources.1049.js" />
      <RootComponent type="61" schemaName="msdyn_/ActivityFeeds.Resources.1050.js" />
      <RootComponent type="61" schemaName="msdyn_/ActivityFeeds.Resources.1051.js" />
      <RootComponent type="61" schemaName="msdyn_/ActivityFeeds.Resources.1053.js" />
      <RootComponent type="61" schemaName="msdyn_/ActivityFeeds.Resources.1054.js" />
      <RootComponent type="61" schemaName="msdyn_/ActivityFeeds.Resources.1055.js" />
      <RootComponent type="61" schemaName="msdyn_/ActivityFeeds.Resources.1058.js" />
      <RootComponent type="61" schemaName="msdyn_/ActivityFeeds.Resources.1060.js" />
      <RootComponent type="61" schemaName="msdyn_/ActivityFeeds.Resources.1061.js" />
      <RootComponent type="61" schemaName="msdyn_/ActivityFeeds.Resources.1062.js" />
      <RootComponent type="61" schemaName="msdyn_/ActivityFeeds.Resources.1063.js" />
      <RootComponent type="61" schemaName="msdyn_/ActivityFeeds.Resources.1069.js" />
      <RootComponent type="61" schemaName="msdyn_/ActivityFeeds.Resources.1081.js" />
      <RootComponent type="61" schemaName="msdyn_/ActivityFeeds.Resources.1087.js" />
      <RootComponent type="61" schemaName="msdyn_/ActivityFeeds.Resources.1110.js" />
      <RootComponent type="61" schemaName="msdyn_/ActivityFeeds.Resources.2052.js" />
      <RootComponent type="61" schemaName="msdyn_/ActivityFeeds.Resources.2070.js" />
      <RootComponent type="61" schemaName="msdyn_/ActivityFeeds.Resources.2074.js" />
      <RootComponent type="61" schemaName="msdyn_/ActivityFeeds.Resources.3076.js" />
      <RootComponent type="61" schemaName="msdyn_/ActivityFeeds.Resources.3082.js" />
      <RootComponent type="61" schemaName="msdyn_/ActivityFeeds.Resources.js" />
      <RootComponent type="61" schemaName="msdyn_/ActivityFeeds.UI.js" />
      <RootComponent type="61" schemaName="msdyn_/CommonUtils.js" />
      <RootComponent type="61" schemaName="msdyn_/CrmSoapServiceProxy.js" />
      <RootComponent type="61" schemaName="msdyn_/Data/AutoPostRuleStrings.1025.resx" />
      <RootComponent type="61" schemaName="msdyn_/Data/AutoPostRuleStrings.1026.resx" />
      <RootComponent type="61" schemaName="msdyn_/Data/AutoPostRuleStrings.1027.resx" />
      <RootComponent type="61" schemaName="msdyn_/Data/AutoPostRuleStrings.1028.resx" />
      <RootComponent type="61" schemaName="msdyn_/Data/AutoPostRuleStrings.1029.resx" />
      <RootComponent type="61" schemaName="msdyn_/Data/AutoPostRuleStrings.1030.resx" />
      <RootComponent type="61" schemaName="msdyn_/Data/AutoPostRuleStrings.1031.resx" />
      <RootComponent type="61" schemaName="msdyn_/Data/AutoPostRuleStrings.1032.resx" />
      <RootComponent type="61" schemaName="msdyn_/Data/AutoPostRuleStrings.1033.resx" />
      <RootComponent type="61" schemaName="msdyn_/Data/AutoPostRuleStrings.1035.resx" />
      <RootComponent type="61" schemaName="msdyn_/Data/AutoPostRuleStrings.1036.resx" />
      <RootComponent type="61" schemaName="msdyn_/Data/AutoPostRuleStrings.1037.resx" />
      <RootComponent type="61" schemaName="msdyn_/Data/AutoPostRuleStrings.1038.resx" />
      <RootComponent type="61" schemaName="msdyn_/Data/AutoPostRuleStrings.1040.resx" />
      <RootComponent type="61" schemaName="msdyn_/Data/AutoPostRuleStrings.1041.resx" />
      <RootComponent type="61" schemaName="msdyn_/Data/AutoPostRuleStrings.1042.resx" />
      <RootComponent type="61" schemaName="msdyn_/Data/AutoPostRuleStrings.1043.resx" />
      <RootComponent type="61" schemaName="msdyn_/Data/AutoPostRuleStrings.1044.resx" />
      <RootComponent type="61" schemaName="msdyn_/Data/AutoPostRuleStrings.1045.resx" />
      <RootComponent type="61" schemaName="msdyn_/Data/AutoPostRuleStrings.1046.resx" />
      <RootComponent type="61" schemaName="msdyn_/Data/AutoPostRuleStrings.1048.resx" />
      <RootComponent type="61" schemaName="msdyn_/Data/AutoPostRuleStrings.1049.resx" />
      <RootComponent type="61" schemaName="msdyn_/Data/AutoPostRuleStrings.1050.resx" />
      <RootComponent type="61" schemaName="msdyn_/Data/AutoPostRuleStrings.1051.resx" />
      <RootComponent type="61" schemaName="msdyn_/Data/AutoPostRuleStrings.1053.resx" />
      <RootComponent type="61" schemaName="msdyn_/Data/AutoPostRuleStrings.1054.resx" />
      <RootComponent type="61" schemaName="msdyn_/Data/AutoPostRuleStrings.1055.resx" />
      <RootComponent type="61" schemaName="msdyn_/Data/AutoPostRuleStrings.1058.resx" />
      <RootComponent type="61" schemaName="msdyn_/Data/AutoPostRuleStrings.1060.resx" />
      <RootComponent type="61" schemaName="msdyn_/Data/AutoPostRuleStrings.1061.resx" />
      <RootComponent type="61" schemaName="msdyn_/Data/AutoPostRuleStrings.1062.resx" />
      <RootComponent type="61" schemaName="msdyn_/Data/AutoPostRuleStrings.1063.resx" />
      <RootComponent type="61" schemaName="msdyn_/Data/AutoPostRuleStrings.1069.resx" />
      <RootComponent type="61" schemaName="msdyn_/Data/AutoPostRuleStrings.1081.resx" />
      <RootComponent type="61" schemaName="msdyn_/Data/AutoPostRuleStrings.1087.resx" />
      <RootComponent type="61" schemaName="msdyn_/Data/AutoPostRuleStrings.1110.resx" />
      <RootComponent type="61" schemaName="msdyn_/Data/AutoPostRuleStrings.2052.resx" />
      <RootComponent type="61" schemaName="msdyn_/Data/AutoPostRuleStrings.2070.resx" />
      <RootComponent type="61" schemaName="msdyn_/Data/AutoPostRuleStrings.2074.resx" />
      <RootComponent type="61" schemaName="msdyn_/Data/AutoPostRuleStrings.3076.resx" />
      <RootComponent type="61" schemaName="msdyn_/Data/AutoPostRuleStrings.3082.resx" />
      <RootComponent type="61" schemaName="msdyn_/Data/AutoPostRuleStrings.resx" />
      <RootComponent type="61" schemaName="msdyn_/Data/PluginErrorStrings.1025.resx" />
      <RootComponent type="61" schemaName="msdyn_/Data/PluginErrorStrings.1026.resx" />
      <RootComponent type="61" schemaName="msdyn_/Data/PluginErrorStrings.1027.resx" />
      <RootComponent type="61" schemaName="msdyn_/Data/PluginErrorStrings.1028.resx" />
      <RootComponent type="61" schemaName="msdyn_/Data/PluginErrorStrings.1029.resx" />
      <RootComponent type="61" schemaName="msdyn_/Data/PluginErrorStrings.1030.resx" />
      <RootComponent type="61" schemaName="msdyn_/Data/PluginErrorStrings.1031.resx" />
      <RootComponent type="61" schemaName="msdyn_/Data/PluginErrorStrings.1032.resx" />
      <RootComponent type="61" schemaName="msdyn_/Data/PluginErrorStrings.1033.resx" />
      <RootComponent type="61" schemaName="msdyn_/Data/PluginErrorStrings.1035.resx" />
      <RootComponent type="61" schemaName="msdyn_/Data/PluginErrorStrings.1036.resx" />
      <RootComponent type="61" schemaName="msdyn_/Data/PluginErrorStrings.1037.resx" />
      <RootComponent type="61" schemaName="msdyn_/Data/PluginErrorStrings.1038.resx" />
      <RootComponent type="61" schemaName="msdyn_/Data/PluginErrorStrings.1040.resx" />
      <RootComponent type="61" schemaName="msdyn_/Data/PluginErrorStrings.1041.resx" />
      <RootComponent type="61" schemaName="msdyn_/Data/PluginErrorStrings.1042.resx" />
      <RootComponent type="61" schemaName="msdyn_/Data/PluginErrorStrings.1043.resx" />
      <RootComponent type="61" schemaName="msdyn_/Data/PluginErrorStrings.1044.resx" />
      <RootComponent type="61" schemaName="msdyn_/Data/PluginErrorStrings.1045.resx" />
      <RootComponent type="61" schemaName="msdyn_/Data/PluginErrorStrings.1046.resx" />
      <RootComponent type="61" schemaName="msdyn_/Data/PluginErrorStrings.1048.resx" />
      <RootComponent type="61" schemaName="msdyn_/Data/PluginErrorStrings.1049.resx" />
      <RootComponent type="61" schemaName="msdyn_/Data/PluginErrorStrings.1050.resx" />
      <RootComponent type="61" schemaName="msdyn_/Data/PluginErrorStrings.1051.resx" />
      <RootComponent type="61" schemaName="msdyn_/Data/PluginErrorStrings.1053.resx" />
      <RootComponent type="61" schemaName="msdyn_/Data/PluginErrorStrings.1054.resx" />
      <RootComponent type="61" schemaName="msdyn_/Data/PluginErrorStrings.1055.resx" />
      <RootComponent type="61" schemaName="msdyn_/Data/PluginErrorStrings.1058.resx" />
      <RootComponent type="61" schemaName="msdyn_/Data/PluginErrorStrings.1060.resx" />
      <RootComponent type="61" schemaName="msdyn_/Data/PluginErrorStrings.1061.resx" />
      <RootComponent type="61" schemaName="msdyn_/Data/PluginErrorStrings.1062.resx" />
      <RootComponent type="61" schemaName="msdyn_/Data/PluginErrorStrings.1063.resx" />
      <RootComponent type="61" schemaName="msdyn_/Data/PluginErrorStrings.1069.resx" />
      <RootComponent type="61" schemaName="msdyn_/Data/PluginErrorStrings.1081.resx" />
      <RootComponent type="61" schemaName="msdyn_/Data/PluginErrorStrings.1087.resx" />
      <RootComponent type="61" schemaName="msdyn_/Data/PluginErrorStrings.1110.resx" />
      <RootComponent type="61" schemaName="msdyn_/Data/PluginErrorStrings.2052.resx" />
      <RootComponent type="61" schemaName="msdyn_/Data/PluginErrorStrings.2070.resx" />
      <RootComponent type="61" schemaName="msdyn_/Data/PluginErrorStrings.2074.resx" />
      <RootComponent type="61" schemaName="msdyn_/Data/PluginErrorStrings.3076.resx" />
      <RootComponent type="61" schemaName="msdyn_/Data/PluginErrorStrings.3082.resx" />
      <RootComponent type="61" schemaName="msdyn_/Data/PluginErrorStrings.resx" />
      <RootComponent type="61" schemaName="msdyn_/Filters.Command.js" />
      <RootComponent type="61" schemaName="msdyn_/FirstRunContent.1025.htm" />
      <RootComponent type="61" schemaName="msdyn_/FirstRunContent.1026.htm" />
      <RootComponent type="61" schemaName="msdyn_/FirstRunContent.1027.htm" />
      <RootComponent type="61" schemaName="msdyn_/FirstRunContent.1028.htm" />
      <RootComponent type="61" schemaName="msdyn_/FirstRunContent.1029.htm" />
      <RootComponent type="61" schemaName="msdyn_/FirstRunContent.1030.htm" />
      <RootComponent type="61" schemaName="msdyn_/FirstRunContent.1031.htm" />
      <RootComponent type="61" schemaName="msdyn_/FirstRunContent.1032.htm" />
      <RootComponent type="61" schemaName="msdyn_/FirstRunContent.1033.htm" />
      <RootComponent type="61" schemaName="msdyn_/FirstRunContent.1035.htm" />
      <RootComponent type="61" schemaName="msdyn_/FirstRunContent.1036.htm" />
      <RootComponent type="61" schemaName="msdyn_/FirstRunContent.1037.htm" />
      <RootComponent type="61" schemaName="msdyn_/FirstRunContent.1038.htm" />
      <RootComponent type="61" schemaName="msdyn_/FirstRunContent.1040.htm" />
      <RootComponent type="61" schemaName="msdyn_/FirstRunContent.1041.htm" />
      <RootComponent type="61" schemaName="msdyn_/FirstRunContent.1042.htm" />
      <RootComponent type="61" schemaName="msdyn_/FirstRunContent.1043.htm" />
      <RootComponent type="61" schemaName="msdyn_/FirstRunContent.1044.htm" />
      <RootComponent type="61" schemaName="msdyn_/FirstRunContent.1045.htm" />
      <RootComponent type="61" schemaName="msdyn_/FirstRunContent.1046.htm" />
      <RootComponent type="61" schemaName="msdyn_/FirstRunContent.1048.htm" />
      <RootComponent type="61" schemaName="msdyn_/FirstRunContent.1049.htm" />
      <RootComponent type="61" schemaName="msdyn_/FirstRunContent.1050.htm" />
      <RootComponent type="61" schemaName="msdyn_/FirstRunContent.1051.htm" />
      <RootComponent type="61" schemaName="msdyn_/FirstRunContent.1053.htm" />
      <RootComponent type="61" schemaName="msdyn_/FirstRunContent.1054.htm" />
      <RootComponent type="61" schemaName="msdyn_/FirstRunContent.1055.htm" />
      <RootComponent type="61" schemaName="msdyn_/FirstRunContent.1058.htm" />
      <RootComponent type="61" schemaName="msdyn_/FirstRunContent.1060.htm" />
      <RootComponent type="61" schemaName="msdyn_/FirstRunContent.1061.htm" />
      <RootComponent type="61" schemaName="msdyn_/FirstRunContent.1062.htm" />
      <RootComponent type="61" schemaName="msdyn_/FirstRunContent.1063.htm" />
      <RootComponent type="61" schemaName="msdyn_/FirstRunContent.1069.htm" />
      <RootComponent type="61" schemaName="msdyn_/FirstRunContent.1081.htm" />
      <RootComponent type="61" schemaName="msdyn_/FirstRunContent.1087.htm" />
      <RootComponent type="61" schemaName="msdyn_/FirstRunContent.1110.htm" />
      <RootComponent type="61" schemaName="msdyn_/FirstRunContent.2052.htm" />
      <RootComponent type="61" schemaName="msdyn_/FirstRunContent.2070.htm" />
      <RootComponent type="61" schemaName="msdyn_/FirstRunContent.2074.htm" />
      <RootComponent type="61" schemaName="msdyn_/FirstRunContent.3076.htm" />
      <RootComponent type="61" schemaName="msdyn_/FirstRunContent.3082.htm" />
      <RootComponent type="61" schemaName="msdyn_/Follow.Command.js" />
      <RootComponent type="61" schemaName="msdyn_/FollowDialog.1025.htm" />
      <RootComponent type="61" schemaName="msdyn_/FollowDialog.1026.htm" />
      <RootComponent type="61" schemaName="msdyn_/FollowDialog.1027.htm" />
      <RootComponent type="61" schemaName="msdyn_/FollowDialog.1028.htm" />
      <RootComponent type="61" schemaName="msdyn_/FollowDialog.1029.htm" />
      <RootComponent type="61" schemaName="msdyn_/FollowDialog.1030.htm" />
      <RootComponent type="61" schemaName="msdyn_/FollowDialog.1031.htm" />
      <RootComponent type="61" schemaName="msdyn_/FollowDialog.1032.htm" />
      <RootComponent type="61" schemaName="msdyn_/FollowDialog.1033.htm" />
      <RootComponent type="61" schemaName="msdyn_/FollowDialog.1035.htm" />
      <RootComponent type="61" schemaName="msdyn_/FollowDialog.1036.htm" />
      <RootComponent type="61" schemaName="msdyn_/FollowDialog.1037.htm" />
      <RootComponent type="61" schemaName="msdyn_/FollowDialog.1038.htm" />
      <RootComponent type="61" schemaName="msdyn_/FollowDialog.1040.htm" />
      <RootComponent type="61" schemaName="msdyn_/FollowDialog.1041.htm" />
      <RootComponent type="61" schemaName="msdyn_/FollowDialog.1042.htm" />
      <RootComponent type="61" schemaName="msdyn_/FollowDialog.1043.htm" />
      <RootComponent type="61" schemaName="msdyn_/FollowDialog.1044.htm" />
      <RootComponent type="61" schemaName="msdyn_/FollowDialog.1045.htm" />
      <RootComponent type="61" schemaName="msdyn_/FollowDialog.1046.htm" />
      <RootComponent type="61" schemaName="msdyn_/FollowDialog.1048.htm" />
      <RootComponent type="61" schemaName="msdyn_/FollowDialog.1049.htm" />
      <RootComponent type="61" schemaName="msdyn_/FollowDialog.1050.htm" />
      <RootComponent type="61" schemaName="msdyn_/FollowDialog.1051.htm" />
      <RootComponent type="61" schemaName="msdyn_/FollowDialog.1053.htm" />
      <RootComponent type="61" schemaName="msdyn_/FollowDialog.1054.htm" />
      <RootComponent type="61" schemaName="msdyn_/FollowDialog.1055.htm" />
      <RootComponent type="61" schemaName="msdyn_/FollowDialog.1058.htm" />
      <RootComponent type="61" schemaName="msdyn_/FollowDialog.1060.htm" />
      <RootComponent type="61" schemaName="msdyn_/FollowDialog.1061.htm" />
      <RootComponent type="61" schemaName="msdyn_/FollowDialog.1062.htm" />
      <RootComponent type="61" schemaName="msdyn_/FollowDialog.1063.htm" />
      <RootComponent type="61" schemaName="msdyn_/FollowDialog.1069.htm" />
      <RootComponent type="61" schemaName="msdyn_/FollowDialog.1081.htm" />
      <RootComponent type="61" schemaName="msdyn_/FollowDialog.1087.htm" />
      <RootComponent type="61" schemaName="msdyn_/FollowDialog.1110.htm" />
      <RootComponent type="61" schemaName="msdyn_/FollowDialog.2052.htm" />
      <RootComponent type="61" schemaName="msdyn_/FollowDialog.2070.htm" />
      <RootComponent type="61" schemaName="msdyn_/FollowDialog.2074.htm" />
      <RootComponent type="61" schemaName="msdyn_/FollowDialog.3076.htm" />
      <RootComponent type="61" schemaName="msdyn_/FollowDialog.3082.htm" />
      <RootComponent type="61" schemaName="msdyn_/Images/16_Yammer_disable.png" />
      <RootComponent type="61" schemaName="msdyn_/Images/16_Yammer_enable.png" />
      <RootComponent type="61" schemaName="msdyn_/Images/32_Yammer_disable.png" />
      <RootComponent type="61" schemaName="msdyn_/Images/32_Yammer_enable.png" />
      <RootComponent type="61" schemaName="msdyn_/Images/actionsArrow.png" />
      <RootComponent type="61" schemaName="msdyn_/Images/actions_bg_hover.png" />
      <RootComponent type="61" schemaName="msdyn_/Images/actions_bg_rest.gif" />
      <RootComponent type="61" schemaName="msdyn_/Images/actions_bg_rest.png" />
      <RootComponent type="61" schemaName="msdyn_/Images/actions_delete.png" />
      <RootComponent type="61" schemaName="msdyn_/Images/autosuggest_gradient.gif" />
      <RootComponent type="61" schemaName="msdyn_/Images/bg_gradient.png" />
      <RootComponent type="61" schemaName="msdyn_/Images/buttonBackground.png" />
      <RootComponent type="61" schemaName="msdyn_/Images/chevron_sm.png" />
      <RootComponent type="61" schemaName="msdyn_/Images/closeUiDialogIcon.png" />
      <RootComponent type="61" schemaName="msdyn_/Images/default_checkbox_cluster.png" />
      <RootComponent type="61" schemaName="msdyn_/Images/default_user_image.png" />
      <RootComponent type="61" schemaName="msdyn_/Images/default_user_image_small.png" />
      <RootComponent type="61" schemaName="msdyn_/Images/dialogBackground.png" />
      <RootComponent type="61" schemaName="msdyn_/Images/error_message.png" />
      <RootComponent type="61" schemaName="msdyn_/Images/Filter_16.png" />
      <RootComponent type="61" schemaName="msdyn_/Images/Filter_hide_16.png" />
      <RootComponent type="61" schemaName="msdyn_/Images/Filter_hide_32.png" />
      <RootComponent type="61" schemaName="msdyn_/Images/Filter_show_16.png" />
      <RootComponent type="61" schemaName="msdyn_/Images/Filter_show_32.png" />
      <RootComponent type="61" schemaName="msdyn_/Images/firstRunArrow.png" />
      <RootComponent type="61" schemaName="msdyn_/Images/firstRunArrowRtl.png" />
      <RootComponent type="61" schemaName="msdyn_/Images/grid_16.png" />
      <RootComponent type="61" schemaName="msdyn_/Images/help.png" />
      <RootComponent type="61" schemaName="msdyn_/Images/jQueryUIIcons.png" />
      <RootComponent type="61" schemaName="msdyn_/Images/jQueryUIIconsActive.png" />
      <RootComponent type="61" schemaName="msdyn_/Images/jQueryUIIconsError.png" />
      <RootComponent type="61" schemaName="msdyn_/Images/jQueryUIIconsHighlight.png" />
      <RootComponent type="61" schemaName="msdyn_/Images/jQueryUIIconsHover.png" />
      <RootComponent type="61" schemaName="msdyn_/Images/likeIcon.png" />
      <RootComponent type="61" schemaName="msdyn_/Images/LikeTopTriangle.png" />
      <RootComponent type="61" schemaName="msdyn_/Images/MoveDown_16.png" />
      <RootComponent type="61" schemaName="msdyn_/Images/MoveDown_32.png" />
      <RootComponent type="61" schemaName="msdyn_/Images/MoveUp_16.png" />
      <RootComponent type="61" schemaName="msdyn_/Images/MoveUp_32.png" />
      <RootComponent type="61" schemaName="msdyn_/Images/openIcon.png" />
      <RootComponent type="61" schemaName="msdyn_/Images/postbutton_disabled.png" />
      <RootComponent type="61" schemaName="msdyn_/Images/postbutton_hover.png" />
      <RootComponent type="61" schemaName="msdyn_/Images/postbutton_rest.png" />
      <RootComponent type="61" schemaName="msdyn_/Images/PostConfig_16px.png" />
      <RootComponent type="61" schemaName="msdyn_/Images/PostConfig_32px.png" />
      <RootComponent type="61" schemaName="msdyn_/Images/progress.gif" />
      <RootComponent type="61" schemaName="msdyn_/Images/progressbar.gif" />
      <RootComponent type="61" schemaName="msdyn_/Images/refresh.png" />
      <RootComponent type="61" schemaName="msdyn_/Images/seeMoreArrows.png" />
      <RootComponent type="61" schemaName="msdyn_/Images/settings_cluster.png" />
      <RootComponent type="61" schemaName="msdyn_/Images/spimn.png" />
      <RootComponent type="61" schemaName="msdyn_/Images/statusbar.gif" />
      <RootComponent type="61" schemaName="msdyn_/Images/tearup.png" />
      <RootComponent type="61" schemaName="msdyn_/Images/Wall_16.png" />
      <RootComponent type="61" schemaName="msdyn_/Images/yammer.png" />
      <RootComponent type="61" schemaName="msdyn_/InstalledLocales.js" />
      <RootComponent type="61" schemaName="msdyn_/mscorlib.js" />
      <RootComponent type="61" schemaName="msdyn_/PersonalWall.htm" />
      <RootComponent type="61" schemaName="msdyn_/RecordWall.htm" />
      <RootComponent type="61" schemaName="msdyn_/Scripts/jquery.tmpl.min.js" />
      <RootComponent type="61" schemaName="msdyn_/Scripts/jquery1.5.2.min.js" />
      <RootComponent type="61" schemaName="msdyn_/Scripts/jqueryUI1.8.13.custom.min.js" />
      <RootComponent type="61" schemaName="msdyn_/Scripts/PlatformScriptLoader.js" />
      <RootComponent type="61" schemaName="msdyn_/Scripts/YammerScriptLoader.js" />
      <RootComponent type="61" schemaName="msdyn_/Styles/Dialog.1025.css" />
      <RootComponent type="61" schemaName="msdyn_/Styles/Dialog.1026.css" />
      <RootComponent type="61" schemaName="msdyn_/Styles/Dialog.1027.css" />
      <RootComponent type="61" schemaName="msdyn_/Styles/Dialog.1028.css" />
      <RootComponent type="61" schemaName="msdyn_/Styles/Dialog.1029.css" />
      <RootComponent type="61" schemaName="msdyn_/Styles/Dialog.1030.css" />
      <RootComponent type="61" schemaName="msdyn_/Styles/Dialog.1031.css" />
      <RootComponent type="61" schemaName="msdyn_/Styles/Dialog.1032.css" />
      <RootComponent type="61" schemaName="msdyn_/Styles/Dialog.1033.css" />
      <RootComponent type="61" schemaName="msdyn_/Styles/Dialog.1035.css" />
      <RootComponent type="61" schemaName="msdyn_/Styles/Dialog.1036.css" />
      <RootComponent type="61" schemaName="msdyn_/Styles/Dialog.1037.css" />
      <RootComponent type="61" schemaName="msdyn_/Styles/Dialog.1038.css" />
      <RootComponent type="61" schemaName="msdyn_/Styles/Dialog.1040.css" />
      <RootComponent type="61" schemaName="msdyn_/Styles/Dialog.1041.css" />
      <RootComponent type="61" schemaName="msdyn_/Styles/Dialog.1042.css" />
      <RootComponent type="61" schemaName="msdyn_/Styles/Dialog.1043.css" />
      <RootComponent type="61" schemaName="msdyn_/Styles/Dialog.1044.css" />
      <RootComponent type="61" schemaName="msdyn_/Styles/Dialog.1045.css" />
      <RootComponent type="61" schemaName="msdyn_/Styles/Dialog.1046.css" />
      <RootComponent type="61" schemaName="msdyn_/Styles/Dialog.1048.css" />
      <RootComponent type="61" schemaName="msdyn_/Styles/Dialog.1049.css" />
      <RootComponent type="61" schemaName="msdyn_/Styles/Dialog.1050.css" />
      <RootComponent type="61" schemaName="msdyn_/Styles/Dialog.1051.css" />
      <RootComponent type="61" schemaName="msdyn_/Styles/Dialog.1053.css" />
      <RootComponent type="61" schemaName="msdyn_/Styles/Dialog.1054.css" />
      <RootComponent type="61" schemaName="msdyn_/Styles/Dialog.1055.css" />
      <RootComponent type="61" schemaName="msdyn_/Styles/Dialog.1058.css" />
      <RootComponent type="61" schemaName="msdyn_/Styles/Dialog.1060.css" />
      <RootComponent type="61" schemaName="msdyn_/Styles/Dialog.1061.css" />
      <RootComponent type="61" schemaName="msdyn_/Styles/Dialog.1062.css" />
      <RootComponent type="61" schemaName="msdyn_/Styles/Dialog.1063.css" />
      <RootComponent type="61" schemaName="msdyn_/Styles/Dialog.1069.css" />
      <RootComponent type="61" schemaName="msdyn_/Styles/Dialog.1081.css" />
      <RootComponent type="61" schemaName="msdyn_/Styles/Dialog.1087.css" />
      <RootComponent type="61" schemaName="msdyn_/Styles/Dialog.1110.css" />
      <RootComponent type="61" schemaName="msdyn_/Styles/Dialog.2052.css" />
      <RootComponent type="61" schemaName="msdyn_/Styles/Dialog.2070.css" />
      <RootComponent type="61" schemaName="msdyn_/Styles/Dialog.2074.css" />
      <RootComponent type="61" schemaName="msdyn_/Styles/Dialog.3076.css" />
      <RootComponent type="61" schemaName="msdyn_/Styles/Dialog.3082.css" />
      <RootComponent type="61" schemaName="msdyn_/Styles/jQuery.UI.core.css" />
      <RootComponent type="61" schemaName="msdyn_/Styles/jQuery.UI.theme.css" />
      <RootComponent type="61" schemaName="msdyn_/Styles/RecordWall.1025.css" />
      <RootComponent type="61" schemaName="msdyn_/Styles/RecordWall.1026.css" />
      <RootComponent type="61" schemaName="msdyn_/Styles/RecordWall.1027.css" />
      <RootComponent type="61" schemaName="msdyn_/Styles/RecordWall.1028.css" />
      <RootComponent type="61" schemaName="msdyn_/Styles/RecordWall.1029.css" />
      <RootComponent type="61" schemaName="msdyn_/Styles/RecordWall.1030.css" />
      <RootComponent type="61" schemaName="msdyn_/Styles/RecordWall.1031.css" />
      <RootComponent type="61" schemaName="msdyn_/Styles/RecordWall.1032.css" />
      <RootComponent type="61" schemaName="msdyn_/Styles/RecordWall.1033.css" />
      <RootComponent type="61" schemaName="msdyn_/Styles/RecordWall.1035.css" />
      <RootComponent type="61" schemaName="msdyn_/Styles/RecordWall.1036.css" />
      <RootComponent type="61" schemaName="msdyn_/Styles/RecordWall.1037.css" />
      <RootComponent type="61" schemaName="msdyn_/Styles/RecordWall.1038.css" />
      <RootComponent type="61" schemaName="msdyn_/Styles/RecordWall.1040.css" />
      <RootComponent type="61" schemaName="msdyn_/Styles/RecordWall.1041.css" />
      <RootComponent type="61" schemaName="msdyn_/Styles/RecordWall.1042.css" />
      <RootComponent type="61" schemaName="msdyn_/Styles/RecordWall.1043.css" />
      <RootComponent type="61" schemaName="msdyn_/Styles/RecordWall.1044.css" />
      <RootComponent type="61" schemaName="msdyn_/Styles/RecordWall.1045.css" />
      <RootComponent type="61" schemaName="msdyn_/Styles/RecordWall.1046.css" />
      <RootComponent type="61" schemaName="msdyn_/Styles/RecordWall.1048.css" />
      <RootComponent type="61" schemaName="msdyn_/Styles/RecordWall.1049.css" />
      <RootComponent type="61" schemaName="msdyn_/Styles/RecordWall.1050.css" />
      <RootComponent type="61" schemaName="msdyn_/Styles/RecordWall.1051.css" />
      <RootComponent type="61" schemaName="msdyn_/Styles/RecordWall.1053.css" />
      <RootComponent type="61" schemaName="msdyn_/Styles/RecordWall.1054.css" />
      <RootComponent type="61" schemaName="msdyn_/Styles/RecordWall.1055.css" />
      <RootComponent type="61" schemaName="msdyn_/Styles/RecordWall.1058.css" />
      <RootComponent type="61" schemaName="msdyn_/Styles/RecordWall.1060.css" />
      <RootComponent type="61" schemaName="msdyn_/Styles/RecordWall.1061.css" />
      <RootComponent type="61" schemaName="msdyn_/Styles/RecordWall.1062.css" />
      <RootComponent type="61" schemaName="msdyn_/Styles/RecordWall.1063.css" />
      <RootComponent type="61" schemaName="msdyn_/Styles/RecordWall.1069.css" />
      <RootComponent type="61" schemaName="msdyn_/Styles/RecordWall.1081.css" />
      <RootComponent type="61" schemaName="msdyn_/Styles/RecordWall.1087.css" />
      <RootComponent type="61" schemaName="msdyn_/Styles/RecordWall.1110.css" />
      <RootComponent type="61" schemaName="msdyn_/Styles/RecordWall.2052.css" />
      <RootComponent type="61" schemaName="msdyn_/Styles/RecordWall.2070.css" />
      <RootComponent type="61" schemaName="msdyn_/Styles/RecordWall.2074.css" />
      <RootComponent type="61" schemaName="msdyn_/Styles/RecordWall.3076.css" />
      <RootComponent type="61" schemaName="msdyn_/Styles/RecordWall.3082.css" />
      <RootComponent type="61" schemaName="msdyn_/Styles/UserProfile.1025.css" />
      <RootComponent type="61" schemaName="msdyn_/Styles/UserProfile.1026.css" />
      <RootComponent type="61" schemaName="msdyn_/Styles/UserProfile.1027.css" />
      <RootComponent type="61" schemaName="msdyn_/Styles/UserProfile.1028.css" />
      <RootComponent type="61" schemaName="msdyn_/Styles/UserProfile.1029.css" />
      <RootComponent type="61" schemaName="msdyn_/Styles/UserProfile.1030.css" />
      <RootComponent type="61" schemaName="msdyn_/Styles/UserProfile.1031.css" />
      <RootComponent type="61" schemaName="msdyn_/Styles/UserProfile.1032.css" />
      <RootComponent type="61" schemaName="msdyn_/Styles/UserProfile.1033.css" />
      <RootComponent type="61" schemaName="msdyn_/Styles/UserProfile.1035.css" />
      <RootComponent type="61" schemaName="msdyn_/Styles/UserProfile.1036.css" />
      <RootComponent type="61" schemaName="msdyn_/Styles/UserProfile.1037.css" />
      <RootComponent type="61" schemaName="msdyn_/Styles/UserProfile.1038.css" />
      <RootComponent type="61" schemaName="msdyn_/Styles/UserProfile.1040.css" />
      <RootComponent type="61" schemaName="msdyn_/Styles/UserProfile.1041.css" />
      <RootComponent type="61" schemaName="msdyn_/Styles/UserProfile.1042.css" />
      <RootComponent type="61" schemaName="msdyn_/Styles/UserProfile.1043.css" />
      <RootComponent type="61" schemaName="msdyn_/Styles/UserProfile.1044.css" />
      <RootComponent type="61" schemaName="msdyn_/Styles/UserProfile.1045.css" />
      <RootComponent type="61" schemaName="msdyn_/Styles/UserProfile.1046.css" />
      <RootComponent type="61" schemaName="msdyn_/Styles/UserProfile.1048.css" />
      <RootComponent type="61" schemaName="msdyn_/Styles/UserProfile.1049.css" />
      <RootComponent type="61" schemaName="msdyn_/Styles/UserProfile.1050.css" />
      <RootComponent type="61" schemaName="msdyn_/Styles/UserProfile.1051.css" />
      <RootComponent type="61" schemaName="msdyn_/Styles/UserProfile.1053.css" />
      <RootComponent type="61" schemaName="msdyn_/Styles/UserProfile.1054.css" />
      <RootComponent type="61" schemaName="msdyn_/Styles/UserProfile.1055.css" />
      <RootComponent type="61" schemaName="msdyn_/Styles/UserProfile.1058.css" />
      <RootComponent type="61" schemaName="msdyn_/Styles/UserProfile.1060.css" />
      <RootComponent type="61" schemaName="msdyn_/Styles/UserProfile.1061.css" />
      <RootComponent type="61" schemaName="msdyn_/Styles/UserProfile.1062.css" />
      <RootComponent type="61" schemaName="msdyn_/Styles/UserProfile.1063.css" />
      <RootComponent type="61" schemaName="msdyn_/Styles/UserProfile.1069.css" />
      <RootComponent type="61" schemaName="msdyn_/Styles/UserProfile.1081.css" />
      <RootComponent type="61" schemaName="msdyn_/Styles/UserProfile.1087.css" />
      <RootComponent type="61" schemaName="msdyn_/Styles/UserProfile.1110.css" />
      <RootComponent type="61" schemaName="msdyn_/Styles/UserProfile.2052.css" />
      <RootComponent type="61" schemaName="msdyn_/Styles/UserProfile.2070.css" />
      <RootComponent type="61" schemaName="msdyn_/Styles/UserProfile.2074.css" />
      <RootComponent type="61" schemaName="msdyn_/Styles/UserProfile.3076.css" />
      <RootComponent type="61" schemaName="msdyn_/Styles/UserProfile.3082.css" />
      <RootComponent type="61" schemaName="msdyn_/Styles/UserWall.1025.css" />
      <RootComponent type="61" schemaName="msdyn_/Styles/UserWall.1026.css" />
      <RootComponent type="61" schemaName="msdyn_/Styles/UserWall.1027.css" />
      <RootComponent type="61" schemaName="msdyn_/Styles/UserWall.1028.css" />
      <RootComponent type="61" schemaName="msdyn_/Styles/UserWall.1029.css" />
      <RootComponent type="61" schemaName="msdyn_/Styles/UserWall.1030.css" />
      <RootComponent type="61" schemaName="msdyn_/Styles/UserWall.1031.css" />
      <RootComponent type="61" schemaName="msdyn_/Styles/UserWall.1032.css" />
      <RootComponent type="61" schemaName="msdyn_/Styles/UserWall.1033.css" />
      <RootComponent type="61" schemaName="msdyn_/Styles/UserWall.1035.css" />
      <RootComponent type="61" schemaName="msdyn_/Styles/UserWall.1036.css" />
      <RootComponent type="61" schemaName="msdyn_/Styles/UserWall.1037.css" />
      <RootComponent type="61" schemaName="msdyn_/Styles/UserWall.1038.css" />
      <RootComponent type="61" schemaName="msdyn_/Styles/UserWall.1040.css" />
      <RootComponent type="61" schemaName="msdyn_/Styles/UserWall.1041.css" />
      <RootComponent type="61" schemaName="msdyn_/Styles/UserWall.1042.css" />
      <RootComponent type="61" schemaName="msdyn_/Styles/UserWall.1043.css" />
      <RootComponent type="61" schemaName="msdyn_/Styles/UserWall.1044.css" />
      <RootComponent type="61" schemaName="msdyn_/Styles/UserWall.1045.css" />
      <RootComponent type="61" schemaName="msdyn_/Styles/UserWall.1046.css" />
      <RootComponent type="61" schemaName="msdyn_/Styles/UserWall.1048.css" />
      <RootComponent type="61" schemaName="msdyn_/Styles/UserWall.1049.css" />
      <RootComponent type="61" schemaName="msdyn_/Styles/UserWall.1050.css" />
      <RootComponent type="61" schemaName="msdyn_/Styles/UserWall.1051.css" />
      <RootComponent type="61" schemaName="msdyn_/Styles/UserWall.1053.css" />
      <RootComponent type="61" schemaName="msdyn_/Styles/UserWall.1054.css" />
      <RootComponent type="61" schemaName="msdyn_/Styles/UserWall.1055.css" />
      <RootComponent type="61" schemaName="msdyn_/Styles/UserWall.1058.css" />
      <RootComponent type="61" schemaName="msdyn_/Styles/UserWall.1060.css" />
      <RootComponent type="61" schemaName="msdyn_/Styles/UserWall.1061.css" />
      <RootComponent type="61" schemaName="msdyn_/Styles/UserWall.1062.css" />
      <RootComponent type="61" schemaName="msdyn_/Styles/UserWall.1063.css" />
      <RootComponent type="61" schemaName="msdyn_/Styles/UserWall.1069.css" />
      <RootComponent type="61" schemaName="msdyn_/Styles/UserWall.1081.css" />
      <RootComponent type="61" schemaName="msdyn_/Styles/UserWall.1087.css" />
      <RootComponent type="61" schemaName="msdyn_/Styles/UserWall.1110.css" />
      <RootComponent type="61" schemaName="msdyn_/Styles/UserWall.2052.css" />
      <RootComponent type="61" schemaName="msdyn_/Styles/UserWall.2070.css" />
      <RootComponent type="61" schemaName="msdyn_/Styles/UserWall.2074.css" />
      <RootComponent type="61" schemaName="msdyn_/Styles/UserWall.3076.css" />
      <RootComponent type="61" schemaName="msdyn_/Styles/UserWall.3082.css" />
      <RootComponent type="61" schemaName="msdyn_/Styles/WallContent.1025.css" />
      <RootComponent type="61" schemaName="msdyn_/Styles/WallContent.1026.css" />
      <RootComponent type="61" schemaName="msdyn_/Styles/WallContent.1027.css" />
      <RootComponent type="61" schemaName="msdyn_/Styles/WallContent.1028.css" />
      <RootComponent type="61" schemaName="msdyn_/Styles/WallContent.1029.css" />
      <RootComponent type="61" schemaName="msdyn_/Styles/WallContent.1030.css" />
      <RootComponent type="61" schemaName="msdyn_/Styles/WallContent.1031.css" />
      <RootComponent type="61" schemaName="msdyn_/Styles/WallContent.1032.css" />
      <RootComponent type="61" schemaName="msdyn_/Styles/WallContent.1033.css" />
      <RootComponent type="61" schemaName="msdyn_/Styles/WallContent.1035.css" />
      <RootComponent type="61" schemaName="msdyn_/Styles/WallContent.1036.css" />
      <RootComponent type="61" schemaName="msdyn_/Styles/WallContent.1037.css" />
      <RootComponent type="61" schemaName="msdyn_/Styles/WallContent.1038.css" />
      <RootComponent type="61" schemaName="msdyn_/Styles/WallContent.1040.css" />
      <RootComponent type="61" schemaName="msdyn_/Styles/WallContent.1041.css" />
      <RootComponent type="61" schemaName="msdyn_/Styles/WallContent.1042.css" />
      <RootComponent type="61" schemaName="msdyn_/Styles/WallContent.1043.css" />
      <RootComponent type="61" schemaName="msdyn_/Styles/WallContent.1044.css" />
      <RootComponent type="61" schemaName="msdyn_/Styles/WallContent.1045.css" />
      <RootComponent type="61" schemaName="msdyn_/Styles/WallContent.1046.css" />
      <RootComponent type="61" schemaName="msdyn_/Styles/WallContent.1048.css" />
      <RootComponent type="61" schemaName="msdyn_/Styles/WallContent.1049.css" />
      <RootComponent type="61" schemaName="msdyn_/Styles/WallContent.1050.css" />
      <RootComponent type="61" schemaName="msdyn_/Styles/WallContent.1051.css" />
      <RootComponent type="61" schemaName="msdyn_/Styles/WallContent.1053.css" />
      <RootComponent type="61" schemaName="msdyn_/Styles/WallContent.1054.css" />
      <RootComponent type="61" schemaName="msdyn_/Styles/WallContent.1055.css" />
      <RootComponent type="61" schemaName="msdyn_/Styles/WallContent.1058.css" />
      <RootComponent type="61" schemaName="msdyn_/Styles/WallContent.1060.css" />
      <RootComponent type="61" schemaName="msdyn_/Styles/WallContent.1061.css" />
      <RootComponent type="61" schemaName="msdyn_/Styles/WallContent.1062.css" />
      <RootComponent type="61" schemaName="msdyn_/Styles/WallContent.1063.css" />
      <RootComponent type="61" schemaName="msdyn_/Styles/WallContent.1069.css" />
      <RootComponent type="61" schemaName="msdyn_/Styles/WallContent.1081.css" />
      <RootComponent type="61" schemaName="msdyn_/Styles/WallContent.1087.css" />
      <RootComponent type="61" schemaName="msdyn_/Styles/WallContent.1110.css" />
      <RootComponent type="61" schemaName="msdyn_/Styles/WallContent.2052.css" />
      <RootComponent type="61" schemaName="msdyn_/Styles/WallContent.2070.css" />
      <RootComponent type="61" schemaName="msdyn_/Styles/WallContent.2074.css" />
      <RootComponent type="61" schemaName="msdyn_/Styles/WallContent.3076.css" />
      <RootComponent type="61" schemaName="msdyn_/Styles/WallContent.3082.css" />
      <RootComponent type="61" schemaName="msdyn_/UserProfileContent.1025.htm" />
      <RootComponent type="61" schemaName="msdyn_/UserProfileContent.1026.htm" />
      <RootComponent type="61" schemaName="msdyn_/UserProfileContent.1027.htm" />
      <RootComponent type="61" schemaName="msdyn_/UserProfileContent.1028.htm" />
      <RootComponent type="61" schemaName="msdyn_/UserProfileContent.1029.htm" />
      <RootComponent type="61" schemaName="msdyn_/UserProfileContent.1030.htm" />
      <RootComponent type="61" schemaName="msdyn_/UserProfileContent.1031.htm" />
      <RootComponent type="61" schemaName="msdyn_/UserProfileContent.1032.htm" />
      <RootComponent type="61" schemaName="msdyn_/UserProfileContent.1033.htm" />
      <RootComponent type="61" schemaName="msdyn_/UserProfileContent.1035.htm" />
      <RootComponent type="61" schemaName="msdyn_/UserProfileContent.1036.htm" />
      <RootComponent type="61" schemaName="msdyn_/UserProfileContent.1037.htm" />
      <RootComponent type="61" schemaName="msdyn_/UserProfileContent.1038.htm" />
      <RootComponent type="61" schemaName="msdyn_/UserProfileContent.1040.htm" />
      <RootComponent type="61" schemaName="msdyn_/UserProfileContent.1041.htm" />
      <RootComponent type="61" schemaName="msdyn_/UserProfileContent.1042.htm" />
      <RootComponent type="61" schemaName="msdyn_/UserProfileContent.1043.htm" />
      <RootComponent type="61" schemaName="msdyn_/UserProfileContent.1044.htm" />
      <RootComponent type="61" schemaName="msdyn_/UserProfileContent.1045.htm" />
      <RootComponent type="61" schemaName="msdyn_/UserProfileContent.1046.htm" />
      <RootComponent type="61" schemaName="msdyn_/UserProfileContent.1048.htm" />
      <RootComponent type="61" schemaName="msdyn_/UserProfileContent.1049.htm" />
      <RootComponent type="61" schemaName="msdyn_/UserProfileContent.1050.htm" />
      <RootComponent type="61" schemaName="msdyn_/UserProfileContent.1051.htm" />
      <RootComponent type="61" schemaName="msdyn_/UserProfileContent.1053.htm" />
      <RootComponent type="61" schemaName="msdyn_/UserProfileContent.1054.htm" />
      <RootComponent type="61" schemaName="msdyn_/UserProfileContent.1055.htm" />
      <RootComponent type="61" schemaName="msdyn_/UserProfileContent.1058.htm" />
      <RootComponent type="61" schemaName="msdyn_/UserProfileContent.1060.htm" />
      <RootComponent type="61" schemaName="msdyn_/UserProfileContent.1061.htm" />
      <RootComponent type="61" schemaName="msdyn_/UserProfileContent.1062.htm" />
      <RootComponent type="61" schemaName="msdyn_/UserProfileContent.1063.htm" />
      <RootComponent type="61" schemaName="msdyn_/UserProfileContent.1069.htm" />
      <RootComponent type="61" schemaName="msdyn_/UserProfileContent.1081.htm" />
      <RootComponent type="61" schemaName="msdyn_/UserProfileContent.1087.htm" />
      <RootComponent type="61" schemaName="msdyn_/UserProfileContent.1110.htm" />
      <RootComponent type="61" schemaName="msdyn_/UserProfileContent.2052.htm" />
      <RootComponent type="61" schemaName="msdyn_/UserProfileContent.2070.htm" />
      <RootComponent type="61" schemaName="msdyn_/UserProfileContent.2074.htm" />
      <RootComponent type="61" schemaName="msdyn_/UserProfileContent.3076.htm" />
      <RootComponent type="61" schemaName="msdyn_/UserProfileContent.3082.htm" />
      <RootComponent type="61" schemaName="msdyn_/Wall.Control.js" />
      <RootComponent type="61" schemaName="msdyn_/Wall.Extensions.js" />
      <RootComponent type="61" schemaName="msdyn_/Wall.FollowActions.js" />
      <RootComponent type="61" schemaName="msdyn_/Wall.Interfaces.js" />
      <RootComponent type="61" schemaName="msdyn_/Wall.Service.js" />
      <RootComponent type="61" schemaName="msdyn_/Wall.UI.js" />
      <RootComponent type="61" schemaName="msdyn_/WallContent.1025.htm" />
      <RootComponent type="61" schemaName="msdyn_/WallContent.1026.htm" />
      <RootComponent type="61" schemaName="msdyn_/WallContent.1027.htm" />
      <RootComponent type="61" schemaName="msdyn_/WallContent.1028.htm" />
      <RootComponent type="61" schemaName="msdyn_/WallContent.1029.htm" />
      <RootComponent type="61" schemaName="msdyn_/WallContent.1030.htm" />
      <RootComponent type="61" schemaName="msdyn_/WallContent.1031.htm" />
      <RootComponent type="61" schemaName="msdyn_/WallContent.1032.htm" />
      <RootComponent type="61" schemaName="msdyn_/WallContent.1033.htm" />
      <RootComponent type="61" schemaName="msdyn_/WallContent.1035.htm" />
      <RootComponent type="61" schemaName="msdyn_/WallContent.1036.htm" />
      <RootComponent type="61" schemaName="msdyn_/WallContent.1037.htm" />
      <RootComponent type="61" schemaName="msdyn_/WallContent.1038.htm" />
      <RootComponent type="61" schemaName="msdyn_/WallContent.1040.htm" />
      <RootComponent type="61" schemaName="msdyn_/WallContent.1041.htm" />
      <RootComponent type="61" schemaName="msdyn_/WallContent.1042.htm" />
      <RootComponent type="61" schemaName="msdyn_/WallContent.1043.htm" />
      <RootComponent type="61" schemaName="msdyn_/WallContent.1044.htm" />
      <RootComponent type="61" schemaName="msdyn_/WallContent.1045.htm" />
      <RootComponent type="61" schemaName="msdyn_/WallContent.1046.htm" />
      <RootComponent type="61" schemaName="msdyn_/WallContent.1048.htm" />
      <RootComponent type="61" schemaName="msdyn_/WallContent.1049.htm" />
      <RootComponent type="61" schemaName="msdyn_/WallContent.1050.htm" />
      <RootComponent type="61" schemaName="msdyn_/WallContent.1051.htm" />
      <RootComponent type="61" schemaName="msdyn_/WallContent.1053.htm" />
      <RootComponent type="61" schemaName="msdyn_/WallContent.1054.htm" />
      <RootComponent type="61" schemaName="msdyn_/WallContent.1055.htm" />
      <RootComponent type="61" schemaName="msdyn_/WallContent.1058.htm" />
      <RootComponent type="61" schemaName="msdyn_/WallContent.1060.htm" />
      <RootComponent type="61" schemaName="msdyn_/WallContent.1061.htm" />
      <RootComponent type="61" schemaName="msdyn_/WallContent.1062.htm" />
      <RootComponent type="61" schemaName="msdyn_/WallContent.1063.htm" />
      <RootComponent type="61" schemaName="msdyn_/WallContent.1069.htm" />
      <RootComponent type="61" schemaName="msdyn_/WallContent.1081.htm" />
      <RootComponent type="61" schemaName="msdyn_/WallContent.1087.htm" />
      <RootComponent type="61" schemaName="msdyn_/WallContent.1110.htm" />
      <RootComponent type="61" schemaName="msdyn_/WallContent.2052.htm" />
      <RootComponent type="61" schemaName="msdyn_/WallContent.2070.htm" />
      <RootComponent type="61" schemaName="msdyn_/WallContent.2074.htm" />
      <RootComponent type="61" schemaName="msdyn_/WallContent.3076.htm" />
      <RootComponent type="61" schemaName="msdyn_/WallContent.3082.htm" />
      <RootComponent type="61" schemaName="msdyn_AvailableAutoPostRules.xml" />
      <RootComponent type="61" schemaName="msdyn_AvailableAutoPostRules.xsd" />
      <RootComponent type="61" schemaName="msdyn_AvailableIFollowViews.xml" />
      <RootComponent type="61" schemaName="msdyn_ConfigurationFormXml.xml" />
      <RootComponent type="62" />
      <RootComponent type="63" id="{1d5193d8-ca4c-4fe0-9b6b-fee6bb1961f6}" />
      <RootComponent type="63" id="{1eb54ab1-58b7-4d14-bf39-4f3e402616e8}" />
      <RootComponent type="63" id="{2cccdc24-c150-457a-ad90-fbaf8fec948e}" />
      <RootComponent type="63" id="{35a23b91-ec62-41ea-b5e5-c59b689ff0b4}" />
      <RootComponent type="63" id="{39c47e14-d479-457b-bbb6-bd43af886a05}" />
      <RootComponent type="63" id="{3a71217e-5941-4c4e-a6e8-7fb4df02d5db}" />
      <RootComponent type="63" id="{518d7aaa-3b4c-4041-ad33-a6fd40df6c81}" />
      <RootComponent type="63" id="{63e69a22-8e7f-4524-be97-37e05480f7f0}" />
      <RootComponent type="63" id="{8899231d-1514-423c-a06b-bf269558200a}" />
      <RootComponent type="63" id="{8e91c0f0-7b79-4614-a5b0-273d3e539c00}" />
      <RootComponent type="63" id="{935e8a38-03dd-4fe2-9974-65266bf6fd33}" />
      <RootComponent type="63" id="{949f6099-4b45-471e-96db-59e2dece2af2}" />
      <RootComponent type="63" id="{a061872d-07cf-4de7-8ed0-ef79a55f1a94}" />
      <RootComponent type="63" id="{a428209a-89af-4661-b9bb-9bf455dc0c09}" />
      <RootComponent type="63" id="{adccf191-576b-463b-be78-019a427eb2e5}" />
      <RootComponent type="63" id="{df0bf69f-333c-4e9b-86e7-4ff737bc9343}" />
      <RootComponent type="63" id="{ea5b38ce-a5ee-4ca0-a339-3a51b7da87fe}" />
      <RootComponent type="63" id="{eda69fc6-0b5f-44fb-b584-7dfeb8a925af}" />
      <RootComponent type="63" id="{ee375944-5415-437d-9336-7698cf665b26}" />
      <RootComponent type="70" id="{572329c1-a042-4e22-be47-367c6374ea45}" />
      <RootComponent type="91" schemaName="ActivityFeeds.Filtering.Plugins, Version=1.0.0.0, Culture=neutral, PublicKeyToken=31bf3856ad364e35" />
      <RootComponent type="91" schemaName="ActivityFeeds.Plugins, Version=1.0.0.0, Culture=neutral, PublicKeyToken=31bf3856ad364e35" />
      <RootComponent type="92" id="{0abfa17a-e280-e011-bba4-00155da91e01}" />
      <RootComponent type="92" id="{11e6b9c2-e297-e011-a61c-00155db22186}" />
      <RootComponent type="92" id="{12f04a77-bf76-e011-93e7-00155d8a2747}" />
      <RootComponent type="92" id="{131b18f5-e371-e011-93e7-00155d8a2747}" />
      <RootComponent type="92" id="{288e93d7-f015-e311-90b0-b4b52f67d6ae}" />
      <RootComponent type="92" id="{2f02bde2-9328-e111-80e6-00155d8a2749}" />
      <RootComponent type="92" id="{3c0a4ac3-f6a9-455e-a4bf-6719a231403b}" />
      <RootComponent type="92" id="{4478f928-b976-e011-93e7-00155d8a2747}" />
      <RootComponent type="92" id="{46df92dd-f015-e311-90b0-b4b52f67d6ae}" />
      <RootComponent type="92" id="{59a4db99-e371-e011-93e7-00155d8a2747}" />
      <RootComponent type="92" id="{630c977b-51d9-437d-b246-3def294fae80}" />
      <RootComponent type="92" id="{64df92dd-f015-e311-90b0-b4b52f67d6ae}" />
      <RootComponent type="92" id="{67df92dd-f015-e311-90b0-b4b52f67d6ae}" />
      <RootComponent type="92" id="{6adf92dd-f015-e311-90b0-b4b52f67d6ae}" />
      <RootComponent type="92" id="{6ddf92dd-f015-e311-90b0-b4b52f67d6ae}" />
      <RootComponent type="92" id="{70df92dd-f015-e311-90b0-b4b52f67d6ae}" />
      <RootComponent type="92" id="{72df92dd-f015-e311-90b0-b4b52f67d6ae}" />
      <RootComponent type="92" id="{74df92dd-f015-e311-90b0-b4b52f67d6ae}" />
      <RootComponent type="92" id="{76df92dd-f015-e311-90b0-b4b52f67d6ae}" />
      <RootComponent type="92" id="{7736985c-556b-4433-833d-2cad6a7bc303}" />
      <RootComponent type="92" id="{78df92dd-f015-e311-90b0-b4b52f67d6ae}" />
      <RootComponent type="92" id="{7adf92dd-f015-e311-90b0-b4b52f67d6ae}" />
      <RootComponent type="92" id="{85078a57-2d92-e011-b85e-00155d8a2749}" />
      <RootComponent type="92" id="{92d7e361-e471-e011-93e7-00155d8a2747}" />
      <RootComponent type="92" id="{9658a99c-2c1d-e111-9bff-00155db19b12}" />
      <RootComponent type="92" id="{9fbb3cc7-be5e-4540-8968-c490452ce37b}" />
      <RootComponent type="92" id="{a1b7fa19-79c5-e011-8640-00155d883903}" />
      <RootComponent type="92" id="{a9db8627-d47c-e011-93e7-00155d8a2747}" />
      <RootComponent type="92" id="{abdf92dd-f015-e311-90b0-b4b52f67d6ae}" />
      <RootComponent type="92" id="{aff24880-818c-43d3-9463-66e54eda441c}" />
      <RootComponent type="92" id="{b643e1a3-bf76-e011-93e7-00155d8a2747}" />
      <RootComponent type="92" id="{b79c5cdb-6494-4e94-b164-420ea8a0fbe4}" />
      <RootComponent type="92" id="{c57c4211-4635-e211-ad0f-00155db6575d}" />
      <RootComponent type="92" id="{c5df92dd-f015-e311-90b0-b4b52f67d6ae}" />
      <RootComponent type="92" id="{c768c67a-425c-499b-a3d8-89928d0dd2b5}" />
      <RootComponent type="92" id="{c8df92dd-f015-e311-90b0-b4b52f67d6ae}" />
      <RootComponent type="92" id="{cbdf92dd-f015-e311-90b0-b4b52f67d6ae}" />
      <RootComponent type="92" id="{cedf92dd-f015-e311-90b0-b4b52f67d6ae}" />
      <RootComponent type="92" id="{d1df92dd-f015-e311-90b0-b4b52f67d6ae}" />
      <RootComponent type="92" id="{d3df92dd-f015-e311-90b0-b4b52f67d6ae}" />
      <RootComponent type="92" id="{d4563902-06ca-e011-b0de-00155db23261}" />
      <RootComponent type="92" id="{d616a067-e571-e011-93e7-00155d8a2747}" />
      <RootComponent type="92" id="{e4573dc9-3b33-4c9d-bed3-8c4fd8507889}" />
      <RootComponent type="92" id="{f29c358c-23c2-e011-a244-00155d8a2749}" />
      <RootComponent type="92" id="{f3df897a-79c5-e011-8640-00155d883903}" />
      <RootComponent type="92" id="{f78d93d7-f015-e311-90b0-b4b52f67d6ae}" />
    </RootComponents>
    <MissingDependencies>
      <MissingDependency>
        <Required key="0" type="9" schemaName="account_accountcategorycode" displayName="Category" solution="System" />
        <Dependent key="0" type="9" schemaName="account_accountcategorycode" displayName="Category" />
      </MissingDependency>
      <MissingDependency>
        <Required key="0" type="9" schemaName="account_accountcategorycode" displayName="Category" solution="System" />
        <Dependent key="0" type="9" schemaName="account_accountcategorycode" displayName="Category" />
      </MissingDependency>
      <MissingDependency>
        <Required key="1" type="26" schemaName="Active Contacts Subgrid View" displayName="Active Contacts Subgrid View" parentSchemaName="contact" parentDisplayName="Contact" solution="December2012ProductUpdate (1.0)-ProductUpdate" id="{73bc2d9b-4e0e-424c-8839-ed59d6817e3a}" />
        <Dependent key="2" type="60" parentDisplayName="Company" id="{8448b78f-8f42-454e-8e2a-f8196b0419af}" />
      </MissingDependency>
      <MissingDependency>
        <Required key="3" type="26" schemaName="All Sales Team Members" displayName="All Sales Team Members" parentSchemaName="connection" parentDisplayName="Connection" solution="December2012ProductUpdate (1.0)-ProductUpdate" id="{fe4bc089-8901-466c-a41b-1c1090f204d4}" />
        <Dependent key="4" type="60" parentDisplayName="Opportunity" id="{a837e4a7-01b8-4f82-a475-be9abd67e667}" />
      </MissingDependency>
      <MissingDependency>
        <Required key="5" type="26" schemaName="All Competitors (summary)" displayName="All Competitors (summary)" parentSchemaName="competitor" parentDisplayName="Competitor" solution="December2012ProductUpdate (1.0)-ProductUpdate" id="{57bca9ac-87a0-4c28-adc8-2d0a4645f29e}" />
        <Dependent key="4" type="60" parentDisplayName="Opportunity" id="{a837e4a7-01b8-4f82-a475-be9abd67e667}" />
      </MissingDependency>
      <MissingDependency>
        <Required key="6" type="26" schemaName="All Stakeholders" displayName="All Stakeholders" parentSchemaName="connection" parentDisplayName="Connection" solution="December2012ProductUpdate (1.0)-ProductUpdate" id="{4e3600fa-b9c8-49f4-b69a-51eba06d9bdf}" />
        <Dependent key="4" type="60" parentDisplayName="Opportunity" id="{a837e4a7-01b8-4f82-a475-be9abd67e667}" />
      </MissingDependency>
      <MissingDependency>
        <Required key="7" type="60" displayName="Sales Activity Social Dashboard" solution="December2012ProductUpdate (1.0)-ProductUpdate" id="{2701de60-8f2a-48a4-8262-4a35ca7441fa}" />
        <Dependent key="7" type="60" displayName="Sales Activity Social Dashboard" id="{2701de60-8f2a-48a4-8262-4a35ca7441fa}" />
      </MissingDependency>
      <MissingDependency>
        <Required key="8" type="60" displayName="Microsoft Dynamics CRM Social Overview" solution="December2012ProductUpdate (1.0)-ProductUpdate" id="{5d431800-1270-40e9-a90a-c970556cf0fe}" />
        <Dependent key="8" type="60" displayName="Microsoft Dynamics CRM Social Overview" id="{5d431800-1270-40e9-a90a-c970556cf0fe}" />
      </MissingDependency>
      <MissingDependency>
        <Required key="9" type="60" displayName="Customer Service Representative Social Dashboard" solution="December2012ProductUpdate (1.0)-ProductUpdate" id="{15e19ce1-819e-4789-a5aa-ea4fe1741568}" />
        <Dependent key="9" type="60" displayName="Customer Service Representative Social Dashboard" id="{15e19ce1-819e-4789-a5aa-ea4fe1741568}" />
      </MissingDependency>
      <MissingDependency>
        <Required key="4" type="60" parentDisplayName="Opportunity" solution="December2012ProductUpdate (1.0)-ProductUpdate" id="{a837e4a7-01b8-4f82-a475-be9abd67e667}" />
        <Dependent key="4" type="60" parentDisplayName="Opportunity" id="{a837e4a7-01b8-4f82-a475-be9abd67e667}" />
      </MissingDependency>
      <MissingDependency>
        <Required key="2" type="60" parentDisplayName="Company" solution="December2012ProductUpdate (1.0)-ProductUpdate" id="{8448b78f-8f42-454e-8e2a-f8196b0419af}" />
        <Dependent key="2" type="60" parentDisplayName="Company" id="{8448b78f-8f42-454e-8e2a-f8196b0419af}" />
      </MissingDependency>
      <MissingDependency>
        <Required key="10" type="60" parentDisplayName="Contact" solution="December2012ProductUpdate (1.0)-ProductUpdate" id="{1fed44d1-ae68-4a41-bd2b-f13acac4acfa}" />
        <Dependent key="10" type="60" parentDisplayName="Contact" id="{1fed44d1-ae68-4a41-bd2b-f13acac4acfa}" />
      </MissingDependency>
      <MissingDependency>
        <Required key="11" type="61" schemaName="msdyn_/Images/Wall_16.png" displayName="msdyn_/Images/Wall_16.png" solution="ActivityFeedsCore (1.0.5.5010)" />
        <Dependent key="12" type="62" id="{b452e484-ee15-e311-90b0-b4b52f67d6ae}" />
      </MissingDependency>
      <MissingDependency>
        <Required key="13" type="61" schemaName="msdyn_/ActivityFeeds.Form.js" displayName="msdyn_/ActivityFeeds.Form.js" solution="ActivityFeedsCore (1.0.5.5010)-ProductUpdate" />
        <Dependent key="14" type="60" parentDisplayName="Lead" id="{9886ead0-4fcc-4747-9a18-08e7a9a6de71}" />
      </MissingDependency>
      <MissingDependency>
        <Required key="13" type="61" schemaName="msdyn_/ActivityFeeds.Form.js" displayName="msdyn_/ActivityFeeds.Form.js" solution="ActivityFeedsCore (1.0.5.5010)-ProductUpdate" />
        <Dependent key="15" type="60" parentDisplayName="User" id="{c0d7d7dd-afd0-4675-85fe-1cc5a48be6df}" />
      </MissingDependency>
      <MissingDependency>
        <Required key="13" type="61" schemaName="msdyn_/ActivityFeeds.Form.js" displayName="msdyn_/ActivityFeeds.Form.js" solution="ActivityFeedsCore (1.0.5.5010)-ProductUpdate" />
        <Dependent key="16" type="60" parentDisplayName="Opportunity" id="{a2a56263-ec37-4991-a3b0-e7b37a71d818}" />
      </MissingDependency>
      <MissingDependency>
        <Required key="13" type="61" schemaName="msdyn_/ActivityFeeds.Form.js" displayName="msdyn_/ActivityFeeds.Form.js" solution="ActivityFeedsCore (1.0.5.5010)-ProductUpdate" />
        <Dependent key="17" type="60" parentDisplayName="Company" id="{b053a39a-041a-4356-acef-ddf00182762b}" />
      </MissingDependency>
      <MissingDependency>
        <Required key="13" type="61" schemaName="msdyn_/ActivityFeeds.Form.js" displayName="msdyn_/ActivityFeeds.Form.js" solution="ActivityFeedsCore (1.0.5.5010)-ProductUpdate" />
        <Dependent key="18" type="60" parentDisplayName="Case" id="{f658c846-f74c-459b-b591-b97558958106}" />
      </MissingDependency>
      <MissingDependency>
        <Required key="13" type="61" schemaName="msdyn_/ActivityFeeds.Form.js" displayName="msdyn_/ActivityFeeds.Form.js" solution="ActivityFeedsCore (1.0.5.5010)-ProductUpdate" />
        <Dependent key="19" type="60" parentDisplayName="Contact" id="{894cc46a-b0cb-4ab0-8bf6-200544e46a2d}" />
      </MissingDependency>
      <MissingDependency>
        <Required key="20" type="61" schemaName="msdyn_/RecordWall.htm" displayName="msdyn_/RecordWall.htm" solution="ActivityFeedsCore (1.0.5.5010)-ProductUpdate" />
        <Dependent key="19" type="60" parentDisplayName="Contact" id="{894cc46a-b0cb-4ab0-8bf6-200544e46a2d}" />
      </MissingDependency>
      <MissingDependency>
        <Required key="20" type="61" schemaName="msdyn_/RecordWall.htm" displayName="msdyn_/RecordWall.htm" solution="ActivityFeedsCore (1.0.5.5010)-ProductUpdate" />
        <Dependent key="14" type="60" parentDisplayName="Lead" id="{9886ead0-4fcc-4747-9a18-08e7a9a6de71}" />
      </MissingDependency>
      <MissingDependency>
        <Required key="20" type="61" schemaName="msdyn_/RecordWall.htm" displayName="msdyn_/RecordWall.htm" solution="ActivityFeedsCore (1.0.5.5010)-ProductUpdate" />
        <Dependent key="15" type="60" parentDisplayName="User" id="{c0d7d7dd-afd0-4675-85fe-1cc5a48be6df}" />
      </MissingDependency>
      <MissingDependency>
        <Required key="20" type="61" schemaName="msdyn_/RecordWall.htm" displayName="msdyn_/RecordWall.htm" solution="ActivityFeedsCore (1.0.5.5010)-ProductUpdate" />
        <Dependent key="18" type="60" parentDisplayName="Case" id="{f658c846-f74c-459b-b591-b97558958106}" />
      </MissingDependency>
      <MissingDependency>
        <Required key="20" type="61" schemaName="msdyn_/RecordWall.htm" displayName="msdyn_/RecordWall.htm" solution="ActivityFeedsCore (1.0.5.5010)-ProductUpdate" />
        <Dependent key="17" type="60" parentDisplayName="Company" id="{b053a39a-041a-4356-acef-ddf00182762b}" />
      </MissingDependency>
      <MissingDependency>
        <Required key="20" type="61" schemaName="msdyn_/RecordWall.htm" displayName="msdyn_/RecordWall.htm" solution="ActivityFeedsCore (1.0.5.5010)-ProductUpdate" />
        <Dependent key="16" type="60" parentDisplayName="Opportunity" id="{a2a56263-ec37-4991-a3b0-e7b37a71d818}" />
      </MissingDependency>
      <MissingDependency>
        <Required key="21" type="61" schemaName="msdyn_/PersonalWall.htm" displayName="msdyn_/PersonalWall.htm" solution="ActivityFeedsCore (1.0.5.5010)" />
        <Dependent key="12" type="62" id="{b452e484-ee15-e311-90b0-b4b52f67d6ae}" />
      </MissingDependency>
      <MissingDependency>
        <Required key="22" type="90" schemaName="ActivityFeeds.Plugins.LeadQualify, ActivityFeeds.Plugins, Version=1.0.0.0, Culture=neutral, PublicKeyToken=31bf3856ad364e35" displayName="ActivityFeeds.Plugins.LeadQualify" solution="ActivityFeedsCore (1.0.5.5010)" />
        <Dependent key="23" type="92" id="{46df92dd-f015-e311-90b0-b4b52f67d6ae}" />
      </MissingDependency>
      <MissingDependency>
        <Required key="24" type="90" schemaName="ActivityFeeds.Plugins.OpportunityCompetitors, ActivityFeeds.Plugins, Version=1.0.0.0, Culture=neutral, PublicKeyToken=31bf3856ad364e35" displayName="ActivityFeeds.Plugins.OpportunityCompetitors" solution="ActivityFeedsCore (1.0.5.5010)" />
        <Dependent key="25" type="92" id="{70df92dd-f015-e311-90b0-b4b52f67d6ae}" />
      </MissingDependency>
      <MissingDependency>
        <Required key="24" type="90" schemaName="ActivityFeeds.Plugins.OpportunityCompetitors, ActivityFeeds.Plugins, Version=1.0.0.0, Culture=neutral, PublicKeyToken=31bf3856ad364e35" displayName="ActivityFeeds.Plugins.OpportunityCompetitors" solution="ActivityFeedsCore (1.0.5.5010)" />
        <Dependent key="26" type="92" id="{72df92dd-f015-e311-90b0-b4b52f67d6ae}" />
      </MissingDependency>
      <MissingDependency>
        <Required key="27" type="90" schemaName="ActivityFeeds.Plugins.AddToQueue, ActivityFeeds.Plugins, Version=1.0.0.0, Culture=neutral, PublicKeyToken=31bf3856ad364e35" displayName="ActivityFeeds.Plugins.AddToQueue" solution="ActivityFeedsCore (1.0.5.5010)" />
        <Dependent key="28" type="92" id="{d3df92dd-f015-e311-90b0-b4b52f67d6ae}" />
      </MissingDependency>
      <MissingDependency>
        <Required key="29" type="90" schemaName="ActivityFeeds.Plugins.OpportunityCreate, ActivityFeeds.Plugins, Version=1.0.0.0, Culture=neutral, PublicKeyToken=31bf3856ad364e35" displayName="ActivityFeeds.Plugins.OpportunityCreate" solution="ActivityFeedsCore (1.0.5.5010)" />
        <Dependent key="30" type="92" id="{64df92dd-f015-e311-90b0-b4b52f67d6ae}" />
      </MissingDependency>
      <MissingDependency>
        <Required key="29" type="90" schemaName="ActivityFeeds.Plugins.OpportunityCreate, ActivityFeeds.Plugins, Version=1.0.0.0, Culture=neutral, PublicKeyToken=31bf3856ad364e35" displayName="ActivityFeeds.Plugins.OpportunityCreate" solution="ActivityFeedsCore (1.0.5.5010)" />
        <Dependent key="31" type="92" id="{67df92dd-f015-e311-90b0-b4b52f67d6ae}" />
      </MissingDependency>
      <MissingDependency>
        <Required key="29" type="90" schemaName="ActivityFeeds.Plugins.OpportunityCreate, ActivityFeeds.Plugins, Version=1.0.0.0, Culture=neutral, PublicKeyToken=31bf3856ad364e35" displayName="ActivityFeeds.Plugins.OpportunityCreate" solution="ActivityFeedsCore (1.0.5.5010)" />
        <Dependent key="32" type="92" id="{f78d93d7-f015-e311-90b0-b4b52f67d6ae}" />
      </MissingDependency>
      <MissingDependency>
        <Required key="29" type="90" schemaName="ActivityFeeds.Plugins.OpportunityCreate, ActivityFeeds.Plugins, Version=1.0.0.0, Culture=neutral, PublicKeyToken=31bf3856ad364e35" displayName="ActivityFeeds.Plugins.OpportunityCreate" solution="ActivityFeedsCore (1.0.5.5010)" />
        <Dependent key="33" type="92" id="{abdf92dd-f015-e311-90b0-b4b52f67d6ae}" />
      </MissingDependency>
      <MissingDependency>
        <Required key="34" type="90" schemaName="ActivityFeeds.Plugins.OpportunityUpdate, ActivityFeeds.Plugins, Version=1.0.0.0, Culture=neutral, PublicKeyToken=31bf3856ad364e35" displayName="ActivityFeeds.Plugins.OpportunityUpdate" solution="ActivityFeedsCore (1.0.5.5010)" />
        <Dependent key="35" type="92" id="{6adf92dd-f015-e311-90b0-b4b52f67d6ae}" />
      </MissingDependency>
      <MissingDependency>
        <Required key="34" type="90" schemaName="ActivityFeeds.Plugins.OpportunityUpdate, ActivityFeeds.Plugins, Version=1.0.0.0, Culture=neutral, PublicKeyToken=31bf3856ad364e35" displayName="ActivityFeeds.Plugins.OpportunityUpdate" solution="ActivityFeedsCore (1.0.5.5010)" />
        <Dependent key="36" type="92" id="{6ddf92dd-f015-e311-90b0-b4b52f67d6ae}" />
      </MissingDependency>
      <MissingDependency>
        <Required key="37" type="90" schemaName="ActivityFeeds.Plugins.OpportunityWinLost, ActivityFeeds.Plugins, Version=1.0.0.0, Culture=neutral, PublicKeyToken=31bf3856ad364e35" displayName="ActivityFeeds.Plugins.OpportunityWinLost" solution="ActivityFeedsCore (1.0.5.5010)" />
        <Dependent key="38" type="92" id="{74df92dd-f015-e311-90b0-b4b52f67d6ae}" />
      </MissingDependency>
      <MissingDependency>
        <Required key="37" type="90" schemaName="ActivityFeeds.Plugins.OpportunityWinLost, ActivityFeeds.Plugins, Version=1.0.0.0, Culture=neutral, PublicKeyToken=31bf3856ad364e35" displayName="ActivityFeeds.Plugins.OpportunityWinLost" solution="ActivityFeedsCore (1.0.5.5010)" />
        <Dependent key="39" type="92" id="{76df92dd-f015-e311-90b0-b4b52f67d6ae}" />
      </MissingDependency>
      <MissingDependency>
        <Required key="37" type="90" schemaName="ActivityFeeds.Plugins.OpportunityWinLost, ActivityFeeds.Plugins, Version=1.0.0.0, Culture=neutral, PublicKeyToken=31bf3856ad364e35" displayName="ActivityFeeds.Plugins.OpportunityWinLost" solution="ActivityFeedsCore (1.0.5.5010)" />
        <Dependent key="40" type="92" id="{78df92dd-f015-e311-90b0-b4b52f67d6ae}" />
      </MissingDependency>
      <MissingDependency>
        <Required key="37" type="90" schemaName="ActivityFeeds.Plugins.OpportunityWinLost, ActivityFeeds.Plugins, Version=1.0.0.0, Culture=neutral, PublicKeyToken=31bf3856ad364e35" displayName="ActivityFeeds.Plugins.OpportunityWinLost" solution="ActivityFeedsCore (1.0.5.5010)" />
        <Dependent key="41" type="92" id="{7adf92dd-f015-e311-90b0-b4b52f67d6ae}" />
      </MissingDependency>
      <MissingDependency>
        <Required key="42" type="90" schemaName="ActivityFeeds.Plugins.CaseClose, ActivityFeeds.Plugins, Version=1.0.0.0, Culture=neutral, PublicKeyToken=31bf3856ad364e35" displayName="ActivityFeeds.Plugins.CaseClose" solution="ActivityFeedsCore (1.0.5.5010)" />
        <Dependent key="43" type="92" id="{cbdf92dd-f015-e311-90b0-b4b52f67d6ae}" />
      </MissingDependency>
      <MissingDependency>
        <Required key="42" type="90" schemaName="ActivityFeeds.Plugins.CaseClose, ActivityFeeds.Plugins, Version=1.0.0.0, Culture=neutral, PublicKeyToken=31bf3856ad364e35" displayName="ActivityFeeds.Plugins.CaseClose" solution="ActivityFeedsCore (1.0.5.5010)" />
        <Dependent key="44" type="92" id="{cedf92dd-f015-e311-90b0-b4b52f67d6ae}" />
      </MissingDependency>
      <MissingDependency>
        <Required key="45" type="90" schemaName="ActivityFeeds.Plugins.CaseCreate, ActivityFeeds.Plugins, Version=1.0.0.0, Culture=neutral, PublicKeyToken=31bf3856ad364e35" displayName="ActivityFeeds.Plugins.CaseCreate" solution="ActivityFeedsCore (1.0.5.5010)" />
        <Dependent key="46" type="92" id="{c5df92dd-f015-e311-90b0-b4b52f67d6ae}" />
      </MissingDependency>
      <MissingDependency>
        <Required key="45" type="90" schemaName="ActivityFeeds.Plugins.CaseCreate, ActivityFeeds.Plugins, Version=1.0.0.0, Culture=neutral, PublicKeyToken=31bf3856ad364e35" displayName="ActivityFeeds.Plugins.CaseCreate" solution="ActivityFeedsCore (1.0.5.5010)" />
        <Dependent key="47" type="92" id="{c8df92dd-f015-e311-90b0-b4b52f67d6ae}" />
      </MissingDependency>
      <MissingDependency>
        <Required key="48" type="90" schemaName="ActivityFeeds.Plugins.LeadCreate, ActivityFeeds.Plugins, Version=1.0.0.0, Culture=neutral, PublicKeyToken=31bf3856ad364e35" displayName="ActivityFeeds.Plugins.LeadCreate" solution="ActivityFeedsCore (1.0.5.5010)" />
        <Dependent key="49" type="92" id="{288e93d7-f015-e311-90b0-b4b52f67d6ae}" />
      </MissingDependency>
      <MissingDependency>
        <Required key="50" type="90" schemaName="ActivityFeeds.Plugins.CaseAssign, ActivityFeeds.Plugins, Version=1.0.0.0, Culture=neutral, PublicKeyToken=31bf3856ad364e35" displayName="ActivityFeeds.Plugins.CaseAssign" solution="ActivityFeedsCore (1.0.5.5010)" />
        <Dependent key="51" type="92" id="{d1df92dd-f015-e311-90b0-b4b52f67d6ae}" />
      </MissingDependency>
      <MissingDependency>
        <Required key="52" type="1" schemaName="complexcontrol" displayName="Process Configuration" solution="December2012ProductUpdate (1.0)-ProductUpdate" />
        <Dependent key="53" type="60" parentDisplayName="Credits" id="{81f19ec0-cffe-47c6-8787-1f1f34686295}" />
      </MissingDependency>
      <MissingDependency>
        <Required key="52" type="1" schemaName="complexcontrol" displayName="Process Configuration" solution="December2012ProductUpdate (1.0)-ProductUpdate" />
        <Dependent key="54" type="60" parentDisplayName="Credits" id="{c6a7b0bd-36f2-41c3-845a-baf45373dd85}" />
      </MissingDependency>
      <MissingDependency>
        <Required key="52" type="1" schemaName="complexcontrol" displayName="Process Configuration" solution="December2012ProductUpdate (1.0)-ProductUpdate" />
        <Dependent key="55" type="60" parentDisplayName="Game" id="{d4012786-f9be-44bb-8c90-a40a43f69eab}" />
      </MissingDependency>
      <MissingDependency>
        <Required key="52" type="1" schemaName="complexcontrol" displayName="Process Configuration" solution="December2012ProductUpdate (1.0)-ProductUpdate" />
        <Dependent key="56" type="60" parentDisplayName="Game" id="{44b7864f-1bd9-46d3-80c7-6441bbf782b7}" />
      </MissingDependency>
      <MissingDependency>
        <Required key="52" type="1" schemaName="complexcontrol" displayName="Process Configuration" solution="December2012ProductUpdate (1.0)-ProductUpdate" />
        <Dependent key="57" type="60" parentDisplayName="Platform" id="{cbd0bbc6-c952-4a67-826e-7fcd3f73110d}" />
      </MissingDependency>
      <MissingDependency>
        <Required key="52" type="1" schemaName="complexcontrol" displayName="Process Configuration" solution="December2012ProductUpdate (1.0)-ProductUpdate" />
        <Dependent key="58" type="60" parentDisplayName="Platform" id="{9ac4be73-b924-4550-a873-691bf39e9998}" />
      </MissingDependency>
    </MissingDependencies>
  </SolutionManifest>
</ImportExportXml>