<ImportExportXml version="5.0.9690.5010" minimumversion="5.0" languagecode="1033" generatedBy="CrmLive" xmlns:xsi="http://www.w3.org/2001/XMLSchema-instance">
  <SolutionManifest>
    <UniqueName>XboxPhase1</UniqueName>
    <LocalizedNames>
      <LocalizedName description="Xbox Phase 1" languagecode="1033" />
    </LocalizedNames>
    <Descriptions />
    <Version>1.0.0.0</Version>
    <Managed>0</Managed>
    <Publisher>
      <UniqueName>DefaultPublisherxboxoutlookdev</UniqueName>
      <LocalizedNames>
        <LocalizedName description="Default Publisher for crmexam2" languagecode="1033" />
      </LocalizedNames>
      <Descriptions>
        <Description description="Default publisher for this organization" languagecode="1033" />
      </Descriptions>
      <EMailAddress xsi:nil="true"></EMailAddress>
      <SupportingWebsiteUrl xsi:nil="true"></SupportingWebsiteUrl>
      <CustomizationPrefix>new</CustomizationPrefix>
      <CustomizationOptionValuePrefix>10000</CustomizationOptionValuePrefix>
      <Addresses>
        <Address>
          <AddressNumber>1</AddressNumber>
          <AddressTypeCode xsi:nil="true"></AddressTypeCode>
          <City xsi:nil="true"></City>
          <County xsi:nil="true"></County>
          <Country xsi:nil="true"></Country>
          <Fax xsi:nil="true"></Fax>
          <FreightTermsCode xsi:nil="true"></FreightTermsCode>
          <ImportSequenceNumber xsi:nil="true"></ImportSequenceNumber>
          <Latitude xsi:nil="true"></Latitude>
          <Line1 xsi:nil="true"></Line1>
          <Line2 xsi:nil="true"></Line2>
          <Line3 xsi:nil="true"></Line3>
          <Longitude xsi:nil="true"></Longitude>
          <Name xsi:nil="true"></Name>
          <PostalCode xsi:nil="true"></PostalCode>
          <PostOfficeBox xsi:nil="true"></PostOfficeBox>
          <PrimaryContactName xsi:nil="true"></PrimaryContactName>
          <ShippingMethodCode xsi:nil="true"></ShippingMethodCode>
          <StateOrProvince xsi:nil="true"></StateOrProvince>
          <Telephone1 xsi:nil="true"></Telephone1>
          <Telephone2 xsi:nil="true"></Telephone2>
          <Telephone3 xsi:nil="true"></Telephone3>
          <TimeZoneRuleVersionNumber xsi:nil="true"></TimeZoneRuleVersionNumber>
          <UPSZone xsi:nil="true"></UPSZone>
          <UTCOffset xsi:nil="true"></UTCOffset>
          <UTCConversionTimeZoneCode xsi:nil="true"></UTCConversionTimeZoneCode>
        </Address>
        <Address>
          <AddressNumber>2</AddressNumber>
          <AddressTypeCode xsi:nil="true"></AddressTypeCode>
          <City xsi:nil="true"></City>
          <County xsi:nil="true"></County>
          <Country xsi:nil="true"></Country>
          <Fax xsi:nil="true"></Fax>
          <FreightTermsCode xsi:nil="true"></FreightTermsCode>
          <ImportSequenceNumber xsi:nil="true"></ImportSequenceNumber>
          <Latitude xsi:nil="true"></Latitude>
          <Line1 xsi:nil="true"></Line1>
          <Line2 xsi:nil="true"></Line2>
          <Line3 xsi:nil="true"></Line3>
          <Longitude xsi:nil="true"></Longitude>
          <Name xsi:nil="true"></Name>
          <PostalCode xsi:nil="true"></PostalCode>
          <PostOfficeBox xsi:nil="true"></PostOfficeBox>
          <PrimaryContactName xsi:nil="true"></PrimaryContactName>
          <ShippingMethodCode xsi:nil="true"></ShippingMethodCode>
          <StateOrProvince xsi:nil="true"></StateOrProvince>
          <Telephone1 xsi:nil="true"></Telephone1>
          <Telephone2 xsi:nil="true"></Telephone2>
          <Telephone3 xsi:nil="true"></Telephone3>
          <TimeZoneRuleVersionNumber xsi:nil="true"></TimeZoneRuleVersionNumber>
          <UPSZone xsi:nil="true"></UPSZone>
          <UTCOffset xsi:nil="true"></UTCOffset>
          <UTCConversionTimeZoneCode xsi:nil="true"></UTCConversionTimeZoneCode>
        </Address>
      </Addresses>
    </Publisher>
    <RootComponents>
      <RootComponent type="1" schemaName="account" />
      <RootComponent type="1" schemaName="activitymimeattachment" />
      <RootComponent type="1" schemaName="activitypointer" />
      <RootComponent type="1" schemaName="competitor" />
      <RootComponent type="1" schemaName="connection" />
      <RootComponent type="1" schemaName="contact" />
      <RootComponent type="1" schemaName="customeraddress" />
      <RootComponent type="1" schemaName="customeropportunityrole" />
      <RootComponent type="1" schemaName="duplicaterule" />
      <RootComponent type="1" schemaName="duplicaterulecondition" />
      <RootComponent type="1" schemaName="email" />
      <RootComponent type="1" schemaName="lead" />
      <RootComponent type="1" schemaName="new_credits" />
      <RootComponent type="1" schemaName="new_games" />
      <RootComponent type="1" schemaName="new_platforms" />
      <RootComponent type="1" schemaName="opportunity" />
      <RootComponent type="1" schemaName="opportunityclose" />
      <RootComponent type="1" schemaName="opportunityproduct" />
      <RootComponent type="1" schemaName="quote" />
      <RootComponent type="1" schemaName="service" />
      <RootComponent type="61" schemaName="msdyn_/ActivityFeeds.Form.js" />
      <RootComponent type="61" schemaName="msdyn_/RecordWall.htm" />
    </RootComponents>
    <MissingDependencies>
      <MissingDependency>
        <Required key="0" type="9" schemaName="account_accountcategorycode" displayName="Category" solution="System" />
        <Dependent key="0" type="9" schemaName="account_accountcategorycode" displayName="Category" />
      </MissingDependency>
      <MissingDependency>
        <Required key="0" type="9" schemaName="account_accountcategorycode" displayName="Category" solution="System" />
        <Dependent key="0" type="9" schemaName="account_accountcategorycode" displayName="Category" />
      </MissingDependency>
      <MissingDependency>
        <Required key="1" type="26" schemaName="All Competitors (summary)" displayName="All Competitors (summary)" parentSchemaName="competitor" parentDisplayName="Competitor" solution="December2012ProductUpdate (1.0)-ProductUpdate" id="{57bca9ac-87a0-4c28-adc8-2d0a4645f29e}" />
        <Dependent key="2" type="60" parentDisplayName="Opportunity" id="{a837e4a7-01b8-4f82-a475-be9abd67e667}" />
      </MissingDependency>
      <MissingDependency>
        <Required key="3" type="26" schemaName="All Sales Team Members" displayName="All Sales Team Members" parentSchemaName="connection" parentDisplayName="Connection" solution="December2012ProductUpdate (1.0)-ProductUpdate" id="{fe4bc089-8901-466c-a41b-1c1090f204d4}" />
        <Dependent key="2" type="60" parentDisplayName="Opportunity" id="{a837e4a7-01b8-4f82-a475-be9abd67e667}" />
      </MissingDependency>
      <MissingDependency>
        <Required key="4" type="26" schemaName="All Stakeholders" displayName="All Stakeholders" parentSchemaName="connection" parentDisplayName="Connection" solution="December2012ProductUpdate (1.0)-ProductUpdate" id="{4e3600fa-b9c8-49f4-b69a-51eba06d9bdf}" />
        <Dependent key="2" type="60" parentDisplayName="Opportunity" id="{a837e4a7-01b8-4f82-a475-be9abd67e667}" />
      </MissingDependency>
      <MissingDependency>
        <Required key="5" type="26" schemaName="Active Contacts Subgrid View" displayName="Active Contacts Subgrid View" parentSchemaName="contact" parentDisplayName="Contact" solution="December2012ProductUpdate (1.0)-ProductUpdate" id="{73bc2d9b-4e0e-424c-8839-ed59d6817e3a}" />
        <Dependent key="6" type="60" parentDisplayName="Company Name" id="{8448b78f-8f42-454e-8e2a-f8196b0419af}" />
      </MissingDependency>
      <MissingDependency>
        <Required key="2" type="60" parentDisplayName="Opportunity" solution="December2012ProductUpdate (1.0)-ProductUpdate" id="{a837e4a7-01b8-4f82-a475-be9abd67e667}" />
        <Dependent key="2" type="60" parentDisplayName="Opportunity" id="{a837e4a7-01b8-4f82-a475-be9abd67e667}" />
      </MissingDependency>
      <MissingDependency>
        <Required key="6" type="60" parentDisplayName="Company Name" solution="December2012ProductUpdate (1.0)-ProductUpdate" id="{8448b78f-8f42-454e-8e2a-f8196b0419af}" />
        <Dependent key="6" type="60" parentDisplayName="Company Name" id="{8448b78f-8f42-454e-8e2a-f8196b0419af}" />
      </MissingDependency>
      <MissingDependency>
        <Required key="7" type="60" parentDisplayName="Contact" solution="December2012ProductUpdate (1.0)-ProductUpdate" id="{1fed44d1-ae68-4a41-bd2b-f13acac4acfa}" />
        <Dependent key="7" type="60" parentDisplayName="Contact" id="{1fed44d1-ae68-4a41-bd2b-f13acac4acfa}" />
      </MissingDependency>
      <MissingDependency>
        <Required key="8" type="61" schemaName="msdyn_/ActivityFeeds.Form.js" displayName="msdyn_/ActivityFeeds.Form.js" solution="ActivityFeedsCore (1.0.5.5010)-ProductUpdate" />
        <Dependent key="9" type="60" parentDisplayName="Company Name" id="{b053a39a-041a-4356-acef-ddf00182762b}" />
      </MissingDependency>
      <MissingDependency>
        <Required key="10" type="61" schemaName="msdyn_/RecordWall.htm" displayName="msdyn_/RecordWall.htm" solution="ActivityFeedsCore (1.0.5.5010)-ProductUpdate" />
        <Dependent key="9" type="60" parentDisplayName="Company Name" id="{b053a39a-041a-4356-acef-ddf00182762b}" />
      </MissingDependency>
      <MissingDependency>
        <Required key="8" type="61" schemaName="msdyn_/ActivityFeeds.Form.js" displayName="msdyn_/ActivityFeeds.Form.js" solution="ActivityFeedsCore (1.0.5.5010)-ProductUpdate" />
        <Dependent key="11" type="60" parentDisplayName="Lead" id="{9886ead0-4fcc-4747-9a18-08e7a9a6de71}" />
      </MissingDependency>
      <MissingDependency>
        <Required key="10" type="61" schemaName="msdyn_/RecordWall.htm" displayName="msdyn_/RecordWall.htm" solution="ActivityFeedsCore (1.0.5.5010)-ProductUpdate" />
        <Dependent key="11" type="60" parentDisplayName="Lead" id="{9886ead0-4fcc-4747-9a18-08e7a9a6de71}" />
      </MissingDependency>
      <MissingDependency>
        <Required key="8" type="61" schemaName="msdyn_/ActivityFeeds.Form.js" displayName="msdyn_/ActivityFeeds.Form.js" solution="ActivityFeedsCore (1.0.5.5010)-ProductUpdate" />
        <Dependent key="12" type="60" parentDisplayName="Contact" id="{894cc46a-b0cb-4ab0-8bf6-200544e46a2d}" />
      </MissingDependency>
      <MissingDependency>
        <Required key="10" type="61" schemaName="msdyn_/RecordWall.htm" displayName="msdyn_/RecordWall.htm" solution="ActivityFeedsCore (1.0.5.5010)-ProductUpdate" />
        <Dependent key="12" type="60" parentDisplayName="Contact" id="{894cc46a-b0cb-4ab0-8bf6-200544e46a2d}" />
      </MissingDependency>
      <MissingDependency>
        <Required key="8" type="61" schemaName="msdyn_/ActivityFeeds.Form.js" displayName="msdyn_/ActivityFeeds.Form.js" solution="ActivityFeedsCore (1.0.5.5010)-ProductUpdate" />
        <Dependent key="13" type="60" parentDisplayName="Opportunity" id="{a2a56263-ec37-4991-a3b0-e7b37a71d818}" />
      </MissingDependency>
      <MissingDependency>
        <Required key="10" type="61" schemaName="msdyn_/RecordWall.htm" displayName="msdyn_/RecordWall.htm" solution="ActivityFeedsCore (1.0.5.5010)-ProductUpdate" />
        <Dependent key="13" type="60" parentDisplayName="Opportunity" id="{a2a56263-ec37-4991-a3b0-e7b37a71d818}" />
      </MissingDependency>
      <MissingDependency>
        <Required key="10" type="61" schemaName="msdyn_/RecordWall.htm" displayName="msdyn_/RecordWall.htm" solution="ActivityFeedsCore (1.0.5.5010)" />
        <Dependent key="10" type="61" schemaName="msdyn_/RecordWall.htm" displayName="msdyn_/RecordWall.htm" />
      </MissingDependency>
      <MissingDependency>
        <Required key="8" type="61" schemaName="msdyn_/ActivityFeeds.Form.js" displayName="msdyn_/ActivityFeeds.Form.js" solution="ActivityFeedsCore (1.0.5.5010)" />
        <Dependent key="8" type="61" schemaName="msdyn_/ActivityFeeds.Form.js" displayName="msdyn_/ActivityFeeds.Form.js" />
      </MissingDependency>
      <MissingDependency>
        <Required key="14" type="1" schemaName="complexcontrol" displayName="Process Configuration" solution="December2012ProductUpdate (1.0)-ProductUpdate" />
        <Dependent key="15" type="60" parentDisplayName="Credits" id="{81f19ec0-cffe-47c6-8787-1f1f34686295}" />
      </MissingDependency>
      <MissingDependency>
        <Required key="14" type="1" schemaName="complexcontrol" displayName="Process Configuration" solution="December2012ProductUpdate (1.0)-ProductUpdate" />
        <Dependent key="16" type="60" parentDisplayName="Credits" id="{c6a7b0bd-36f2-41c3-845a-baf45373dd85}" />
      </MissingDependency>
      <MissingDependency>
        <Required key="14" type="1" schemaName="complexcontrol" displayName="Process Configuration" solution="December2012ProductUpdate (1.0)-ProductUpdate" />
        <Dependent key="17" type="60" parentDisplayName="Games" id="{d4012786-f9be-44bb-8c90-a40a43f69eab}" />
      </MissingDependency>
      <MissingDependency>
        <Required key="14" type="1" schemaName="complexcontrol" displayName="Process Configuration" solution="December2012ProductUpdate (1.0)-ProductUpdate" />
        <Dependent key="18" type="60" parentDisplayName="Games" id="{44b7864f-1bd9-46d3-80c7-6441bbf782b7}" />
      </MissingDependency>
      <MissingDependency>
        <Required key="14" type="1" schemaName="complexcontrol" displayName="Process Configuration" solution="December2012ProductUpdate (1.0)-ProductUpdate" />
        <Dependent key="19" type="60" parentDisplayName="Platforms" id="{cbd0bbc6-c952-4a67-826e-7fcd3f73110d}" />
      </MissingDependency>
      <MissingDependency>
        <Required key="14" type="1" schemaName="complexcontrol" displayName="Process Configuration" solution="December2012ProductUpdate (1.0)-ProductUpdate" />
        <Dependent key="20" type="60" parentDisplayName="Platforms" id="{9ac4be73-b924-4550-a873-691bf39e9998}" />
      </MissingDependency>
    </MissingDependencies>
  </SolutionManifest>
</ImportExportXml>